Total.Household.Income,Region,Total.Food.Expenditure,Household.Head.Sex,Household.Head.Age,Type.of.Household,Total.Number.of.Family.members,House.Floor.Area,House.Age,Number.of.bedrooms,Electricity
144437,IVB - MIMAROPA,64609,Male,66,Single Family,3,45,33,1,1
56094,IVB - MIMAROPA,27218,Male,79,Single Family,2,13,23,2,1
215758,IVB - MIMAROPA,73780,Male,59,Single Family,3,22,22,2,1
159295,IVB - MIMAROPA,72120,Female,60,Single Family,5,25,18,0,1
140240,IVB - MIMAROPA,80152,Female,28,Single Family,3,13,29,0,1
1073459,IVB - MIMAROPA,264104,Male,54,Single Family,4,160,16,5,1
355359,IVB - MIMAROPA,148752,Male,59,Single Family,4,52,15,2,1
93413,IVB - MIMAROPA,62567,Male,58,Single Family,4,36,19,2,1
359727,IVB - MIMAROPA,80374,Male,47,Single Family,4,9,16,2,1
87905,IVB - MIMAROPA,71449,Male,43,Single Family,4,7,35,1,1
115244,IVB - MIMAROPA,43055,Female,78,Single Family,1,20,17,2,1
57865,IVB - MIMAROPA,33787,Male,59,Single Family,2,25,24,0,1
55555,IVB - MIMAROPA,34124,Male,65,Single Family,2,11,33,1,1
154691,IVB - MIMAROPA,83557,Male,48,Single Family,6,54,21,2,1
268491,IVB - MIMAROPA,118374,Female,57,Single Family,4,48,10,1,1
368121,IVB - MIMAROPA,109104,Male,74,Single Family,5,64,17,3,1
322308,IVB - MIMAROPA,121532,Male,66,Single Family,4,96,0,2,1
296533,IVB - MIMAROPA,124177,Male,56,Single Family,3,100,10,2,1
149105,IVB - MIMAROPA,91273,Female,38,Single Family,4,40,1,2,1
273498,IVB - MIMAROPA,116534,Male,64,Single Family,7,80,8,2,1
133085,IVB - MIMAROPA,88755,Male,41,Single Family,5,12,30,2,1
136080,IVB - MIMAROPA,75056,Male,67,Single Family,4,12,22,1,1
262310,IVB - MIMAROPA,70070,Female,55,Single Family,4,29,26,2,1
369858,IVB - MIMAROPA,64776,Male,59,Extended Family,3,54,15,3,1
206292,IVB - MIMAROPA,84809,Male,36,Single Family,5,23,20,1,1
583293,IVB - MIMAROPA,49019,Female,62,Single Family,1,49,20,2,1
260411,IVB - MIMAROPA,70390,Female,77,Single Family,2,14,45,2,1
137402,IVB - MIMAROPA,40044,Female,63,Single Family,1,49,31,2,1
1127724,IVB - MIMAROPA,233583,Female,64,Extended Family,4,64,7,4,1
275464,IVB - MIMAROPA,108991,Female,54,Single Family,3,160,55,2,1
505877,IVB - MIMAROPA,135077,Female,81,Extended Family,4,16,41,2,1
779351,IVB - MIMAROPA,280561,Male,37,Extended Family,7,55,60,2,1
428150,IVB - MIMAROPA,183195,Male,55,Single Family,3,101,55,4,1
177962,IVB - MIMAROPA,80311,Male,31,Extended Family,8,40,18,2,1
198617,IVB - MIMAROPA,84132,Male,49,Extended Family,7,72,27,2,1
166578,IVB - MIMAROPA,92076,Male,59,Single Family,5,100,7,2,1
76204,IVB - MIMAROPA,42293,Male,49,Single Family,2,90,24,2,1
222934,IVB - MIMAROPA,74998,Male,38,Single Family,6,54,8,2,1
112260,IVB - MIMAROPA,62195,Female,80,Extended Family,5,14,35,4,1
66443,IVB - MIMAROPA,40456,Male,58,Single Family,1,100,33,1,1
201932,IVB - MIMAROPA,72550,Male,62,Extended Family,10,80,10,2,1
210455,IVB - MIMAROPA,97418,Male,43,Extended Family,6,90,14,1,1
168525,IVB - MIMAROPA,94316,Male,52,Extended Family,7,40,5,1,0
69783,IVB - MIMAROPA,50014,Male,41,Single Family,6,42,10,1,0
927593,IVB - MIMAROPA,161356,Male,69,Extended Family,6,150,41,3,1
50962,IVB - MIMAROPA,20023,Male,71,Single Family,2,42,11,1,0
70947,IVB - MIMAROPA,47658,Male,69,Extended Family,3,64,7,1,0
120750,IVB - MIMAROPA,70398,Female,75,Single Family,2,40,12,1,1
277327,IVB - MIMAROPA,74145,Female,72,Single Family,3,120,15,3,1
118875,IVB - MIMAROPA,57151,Female,16,Single Family,2,64,10,1,1
85520,IVB - MIMAROPA,66424,Male,50,Single Family,6,49,3,1,1
157029,IVB - MIMAROPA,107655,Male,49,Single Family,5,36,15,2,1
72625,IVB - MIMAROPA,43536,Male,34,Single Family,5,30,2,1,1
63598,IVB - MIMAROPA,45777,Male,51,Single Family,2,24,28,1,1
292787,IVB - MIMAROPA,100030,Male,62,Extended Family,6,24,28,3,1
118875,IVB - MIMAROPA,74731,Male,42,Single Family,3,24,17,1,1
24452,IVB - MIMAROPA,13922,Male,67,Single Family,1,26,11,2,0
233300,IVB - MIMAROPA,126184,Male,67,Extended Family,4,60,13,2,1
525682,IVB - MIMAROPA,79457,Male,56,Single Family,2,73,18,3,1
195806,IVB - MIMAROPA,80199,Male,55,Extended Family,8,36,9,3,1
104914,IVB - MIMAROPA,39340,Male,45,Single Family,1,23,15,2,1
118295,IVB - MIMAROPA,86227,Female,39,Single Family,4,16,3,2,1
920420,IVB - MIMAROPA,72203,Male,75,Single Family,2,144,35,3,1
149202,IVB - MIMAROPA,109444,Female,31,Single Family,6,36,23,3,1
159462,IVB - MIMAROPA,105387,Male,45,Extended Family,9,26,8,2,1
59547,IVB - MIMAROPA,31305,Female,84,Single Family,2,48,43,2,1
526006,IVB - MIMAROPA,108789,Female,58,Extended Family,7,100,30,3,1
99399,IVB - MIMAROPA,86796,Male,56,Extended Family,4,6,36,1,1
214442,IVB - MIMAROPA,47950,Male,69,Single Family,2,7,19,2,1
59644,IVB - MIMAROPA,25571,Female,58,Single Family,1,32,20,1,0
72161,IVB - MIMAROPA,54795,Male,59,Single Family,4,11,7,1,1
141790,IVB - MIMAROPA,104203,Male,48,Single Family,6,80,20,2,1
175199,IVB - MIMAROPA,79046,Male,66,Single Family,2,56,25,4,1
156464,IVB - MIMAROPA,50069,Male,44,Single Family,6,10,20,2,1
90356,IVB - MIMAROPA,64023,Male,55,Single Family,3,16,25,1,1
110147,IVB - MIMAROPA,81697,Male,43,Single Family,5,80,8,2,1
74656,IVB - MIMAROPA,34033,Female,53,Single Family,3,18,53,1,1
246048,IVB - MIMAROPA,98537,Male,57,Single Family,3,36,1,1,1
145870,IVB - MIMAROPA,35030,Male,69,Extended Family,6,40,27,1,1
141236,IVB - MIMAROPA,109825,Male,48,Single Family,4,33,1,2,1
312113,IVB - MIMAROPA,80606,Male,34,Single Family,3,69,5,3,1
121264,IVB - MIMAROPA,74700,Male,30,Single Family,4,20,7,2,1
399427,IVB - MIMAROPA,210902,Male,60,Extended Family,7,60,9,2,1
54666,IVB - MIMAROPA,34198,Male,35,Single Family,5,8,6,1,0
44388,IVB - MIMAROPA,31057,Female,73,Single Family,1,9,1,1,1
494212,IVB - MIMAROPA,91228,Female,85,Single Family,4,20,43,3,1
860862,IVB - MIMAROPA,147143,Female,44,Single Family,4,68,15,3,1
217658,IVB - MIMAROPA,135894,Male,69,Single Family,2,120,9,2,1
119065,IVB - MIMAROPA,47797,Male,66,Extended Family,2,56,29,1,1
283136,IVB - MIMAROPA,88943,Male,49,Extended Family,6,64,9,2,1
44509,IVB - MIMAROPA,14036,Female,66,Single Family,1,10,25,1,1
113007,IVB - MIMAROPA,74757,Male,59,Single Family,3,14,21,3,1
52333,IVB - MIMAROPA,32401,Male,63,Single Family,2,20,17,1,0
82045,IVB - MIMAROPA,45973,Male,56,Extended Family,5,15,6,1,1
46968,IVB - MIMAROPA,23048,Female,65,Single Family,2,9,22,0,1
324792,IVB - MIMAROPA,159912,Male,44,Extended Family,7,30,23,2,1
127303,IVB - MIMAROPA,70553,Male,60,Extended Family,4,100,4,2,1
139040,IVB - MIMAROPA,76243,Male,48,Single Family,6,13,9,2,1
60270,IVB - MIMAROPA,38586,Male,53,Single Family,3,19,20,3,1
332580,IVB - MIMAROPA,99035,Male,72,Extended Family,5,100,46,3,1
82417,IVB - MIMAROPA,26137,Female,61,Single Family,1,20,30,3,1
132669,IVB - MIMAROPA,78001,Male,61,Extended Family,4,11,8,2,1
89241,IVB - MIMAROPA,45441,Female,45,Extended Family,5,12,25,2,1
173295,IVB - MIMAROPA,46087,Female,63,Single Family,2,14,30,3,1
64386,IVB - MIMAROPA,28526,Female,75,Extended Family,2,80,20,2,1
85420,IVB - MIMAROPA,59124,Male,30,Single Family,5,12,8,2,1
128183,IVB - MIMAROPA,76352,Male,55,Single Family,4,32,14,2,1
210241,IVB - MIMAROPA,77092,Male,65,Extended Family,5,5,27,2,1
77704,IVB - MIMAROPA,54026,Male,49,Single Family,7,15,11,1,1
125146,IVB - MIMAROPA,93383,Male,40,Single Family,8,11,10,2,1
195280,IVB - MIMAROPA,73696,Male,51,Single Family,2,15,46,2,1
39901,IVB - MIMAROPA,29276,Female,81,Single Family,1,46,43,2,1
370195,IVB - MIMAROPA,126817,Male,63,Single Family,5,19,20,3,1
89843,IVB - MIMAROPA,73988,Male,37,Single Family,5,20,7,2,1
139804,IVB - MIMAROPA,97228,Male,42,Single Family,7,17,18,1,1
236478,IVB - MIMAROPA,86708,Female,62,Extended Family,5,25,21,2,1
84548,IVB - MIMAROPA,53295,Male,51,Single Family,3,32,3,2,1
58633,IVB - MIMAROPA,29171,Male,66,Single Family,2,21,1,2,1
84032,IVB - MIMAROPA,48591,Male,35,Single Family,5,20,2,0,1
127865,IVB - MIMAROPA,64508,Female,45,Single Family,5,35,11,1,1
76711,IVB - MIMAROPA,43816,Male,41,Single Family,5,36,22,1,1
103244,IVB - MIMAROPA,55619,Female,39,Single Family,3,36,35,0,1
79739,IVB - MIMAROPA,52250,Female,75,Single Family,4,30,45,2,1
92860,IVB - MIMAROPA,45834,Male,55,Single Family,5,25,15,1,1
83298,IVB - MIMAROPA,38983,Male,49,Single Family,5,13,6,1,0
72227,IVB - MIMAROPA,47131,Male,58,Single Family,4,18,28,1,1
141581,IVB - MIMAROPA,57131,Male,67,Single Family,6,18,15,2,1
90889,IVB - MIMAROPA,56744,Female,45,Single Family,5,22,25,0,0
183190,IVB - MIMAROPA,79096,Male,64,Extended Family,6,72,11,3,1
369199,IVB - MIMAROPA,86540,Male,57,Single Family,3,64,3,2,1
201285,IVB - MIMAROPA,103809,Male,62,Extended Family,2,300,51,4,1
140053,IVB - MIMAROPA,112533,Male,41,Extended Family,8,16,18,1,1
639296,IVB - MIMAROPA,87992,Male,41,Single Family,3,63,17,2,1
198663,IVB - MIMAROPA,76161,Male,53,Single Family,3,30,13,2,1
196035,IVB - MIMAROPA,75904,Female,35,Single Family,4,56,22,2,1
335236,IVB - MIMAROPA,126672,Female,55,Extended Family,7,56,20,1,1
145164,IVB - MIMAROPA,57120,Male,54,Extended Family,6,13,25,0,0
47525,IVB - MIMAROPA,27932,Female,62,Single Family,2,10,15,1,0
179174,IVB - MIMAROPA,81914,Male,40,Single Family,4,54,25,2,1
89232,IVB - MIMAROPA,42381,Male,59,Single Family,2,47,26,1,1
178085,IVB - MIMAROPA,87318,Male,52,Extended Family,5,40,5,1,1
398002,IVB - MIMAROPA,112304,Male,44,Single Family,6,96,17,3,1
145747,IVB - MIMAROPA,63365,Male,47,Extended Family,8,23,24,2,1
185170,IVB - MIMAROPA,80030,Male,64,Extended Family,7,33,29,2,1
35550,IVB - MIMAROPA,12379,Male,61,Single Family,1,35,8,1,1
76357,IVB - MIMAROPA,14492,Female,77,Single Family,1,35,7,2,1
258061,IVB - MIMAROPA,78202,Male,57,Single Family,3,20,20,1,1
154631,IVB - MIMAROPA,66755,Male,34,Single Family,4,54,10,3,1
146069,IVB - MIMAROPA,35314,Female,54,Extended Family,6,40,10,1,0
67783,IVB - MIMAROPA,34688,Male,34,Single Family,5,40,11,1,1
90238,IVB - MIMAROPA,34025,Male,79,Extended Family,3,35,14,2,1
118835,IVB - MIMAROPA,40207,Male,33,Single Family,1,15,5,1,1
39996,IVB - MIMAROPA,22423,Male,30,Single Family,5,6,1,1,1
74321,IVB - MIMAROPA,40626,Male,48,Single Family,6,18,8,1,0
84178,IVB - MIMAROPA,31381,Male,39,Single Family,6,42,1,1,0
37858,IVB - MIMAROPA,33407,Male,52,Single Family,4,9,15,1,0
167353,IVB - MIMAROPA,85616,Male,57,Extended Family,10,36,20,2,1
260901,IVB - MIMAROPA,91469,Female,72,Extended Family,4,81,11,2,1
88190,IVB - MIMAROPA,30406,Male,20,Single Family,1,96,10,3,1
123036,IVB - MIMAROPA,48244,Male,26,Extended Family,6,20,9,1,1
48612,IVB - MIMAROPA,23508,Male,33,Single Family,7,140,15,1,0
454378,IVB - MIMAROPA,75331,Male,64,Extended Family,3,80,24,3,1
193631,IVB - MIMAROPA,74195,Male,33,Single Family,5,13,3,1,1
605191,IVB - MIMAROPA,172481,Male,53,Extended Family,4,43,19,2,1
150128,IVB - MIMAROPA,54768,Male,74,Single Family,2,75,19,2,1
327733,IVB - MIMAROPA,103428,Male,56,Extended Family,6,65,29,2,1
786768,IVB - MIMAROPA,107458,Male,56,Extended Family,5,164,45,3,1
89119,IVB - MIMAROPA,65635,Male,41,Single Family,8,15,1,1,1
132033,IVB - MIMAROPA,74556,Female,45,Single Family,5,30,8,0,1
631643,IVB - MIMAROPA,55997,Male,77,Single Family,1,100,37,3,1
176399,IVB - MIMAROPA,46629,Male,49,Single Family,5,40,15,1,1
73935,IVB - MIMAROPA,46549,Male,77,Extended Family,6,19,2,2,1
108427,IVB - MIMAROPA,53355,Male,76,Extended Family,3,11,1,2,0
154130,IVB - MIMAROPA,104774,Male,47,Single Family,10,24,41,2,1
118390,IVB - MIMAROPA,73516,Male,39,Single Family,8,14,19,1,1
282180,IVB - MIMAROPA,73804,Male,51,Extended Family,6,63,55,5,1
97161,IVB - MIMAROPA,66245,Female,55,Extended Family,11,10,42,2,1
88173,IVB - MIMAROPA,60040,Female,52,Extended Family,7,23,6,2,0
96023,IVB - MIMAROPA,58202,Male,36,Single Family,5,29,32,1,1
146302,IVB - MIMAROPA,84889,Male,41,Single Family,6,23,7,0,1
115074,IVB - MIMAROPA,99597,Male,57,Extended Family,9,40,38,3,1
79422,IVB - MIMAROPA,54327,Male,32,Single Family,6,21,8,1,1
108080,IVB - MIMAROPA,72870,Male,40,Single Family,7,11,8,2,1
99412,IVB - MIMAROPA,63842,Male,40,Single Family,6,11,9,1,0
81339,IVB - MIMAROPA,60512,Male,50,Single Family,6,11,3,1,0
98819,IVB - MIMAROPA,56715,Male,44,Single Family,9,22,29,2,1
48038,IVB - MIMAROPA,28930,Female,70,Single Family,3,9,25,2,0
66254,IVB - MIMAROPA,32676,Male,55,Single Family,5,11,25,2,1
56200,IVB - MIMAROPA,34345,Male,73,Single Family,4,28,8,1,1
139019,IVB - MIMAROPA,70862,Female,73,Extended Family,3,35,7,2,1
159600,IVB - MIMAROPA,66047,Male,56,Single Family,5,25,15,1,1
266165,IVB - MIMAROPA,109376,Male,26,Single Family,5,48,42,1,1
274300,IVB - MIMAROPA,82352,Male,47,Single Family,3,12,0,1,1
65080,IVB - MIMAROPA,45643,Male,39,Single Family,4,12,7,1,0
63700,IVB - MIMAROPA,34605,Male,23,Single Family,3,9,3,1,0
64825,IVB - MIMAROPA,55818,Male,50,Extended Family,7,20,3,1,0
42332,IVB - MIMAROPA,23336,Male,24,Single Family,3,30,1,1,0
85661,IVB - MIMAROPA,58694,Male,69,Single Family,5,45,31,2,0
70560,IVB - MIMAROPA,40846,Male,37,Single Family,7,11,15,1,0
128750,IVB - MIMAROPA,66142,Male,35,Single Family,5,43,10,1,1
99140,IVB - MIMAROPA,38697,Male,33,Single Family,2,15,4,1,1
95885,IVB - MIMAROPA,67703,Male,45,Single Family,6,15,10,1,1
24599,IVB - MIMAROPA,15428,Male,75,Single Family,1,32,20,1,0
745504,IVB - MIMAROPA,108008,Female,58,Single Family,3,114,24,2,1
322160,IVB - MIMAROPA,114114,Female,77,Extended Family,6,100,35,2,1
282010,IVB - MIMAROPA,170841,Female,39,Single Family,6,45,15,1,1
424953,IVB - MIMAROPA,167020,Female,69,Extended Family,4,70,32,3,1
561882,IVB - MIMAROPA,112853,Male,66,Extended Family,6,100,1,3,1
86356,IVB - MIMAROPA,44295,Male,29,Single Family,4,50,6,1,0
88558,IVB - MIMAROPA,54678,Male,55,Single Family,5,40,13,2,1
250401,IVB - MIMAROPA,35929,Female,40,Single Family,2,60,13,2,1
218890,IVB - MIMAROPA,71310,Male,54,Single Family,4,18,26,2,1
67102,IVB - MIMAROPA,59279,Female,48,Single Family,2,40,20,2,1
306900,IVB - MIMAROPA,99336,Female,52,Single Family,2,68,19,3,1
679841,IVB - MIMAROPA,171556,Male,51,Single Family,4,150,11,2,1
278887,IVB - MIMAROPA,81316,Female,59,Extended Family,4,50,13,3,1
253669,IVB - MIMAROPA,113149,Male,32,Extended Family,7,21,4,2,1
295354,IVB - MIMAROPA,89551,Male,58,Extended Family,5,48,6,2,1
255322,IVB - MIMAROPA,97385,Male,51,Single Family,7,36,13,0,0
122000,IVB - MIMAROPA,33442,Male,44,Single Family,4,30,2,1,0
66496,IVB - MIMAROPA,29220,Female,79,Extended Family,4,21,25,0,0
166229,IVB - MIMAROPA,127814,Male,49,Extended Family,8,16,18,1,0
41011,IVB - MIMAROPA,21683,Male,70,Single Family,2,42,35,1,0
118668,IVB - MIMAROPA,60432,Male,53,Single Family,7,13,3,0,0
130851,IVB - MIMAROPA,93851,Male,41,Extended Family,6,15,25,0,0
189038,IVB - MIMAROPA,63218,Male,42,Single Family,3,12,6,1,0
145240,IVB - MIMAROPA,40404,Male,53,Extended Family,7,72,13,2,1
108975,IVB - MIMAROPA,78718,Male,45,Extended Family,10,25,5,0,0
79153,IVB - MIMAROPA,34977,Male,28,Single Family,4,13,3,1,0
45728,IVB - MIMAROPA,26478,Male,34,Single Family,4,11,15,1,0
62437,IVB - MIMAROPA,41848,Male,64,Single Family,7,20,10,1,0
130497,IVB - MIMAROPA,91830,Male,58,Extended Family,7,30,12,2,1
164439,IVB - MIMAROPA,88670,Male,40,Extended Family,10,21,5,1,1
115603,IVB - MIMAROPA,69843,Male,39,Single Family,6,22,12,1,1
82712,IVB - MIMAROPA,47738,Male,58,Extended Family,7,60,55,1,1
96700,IVB - MIMAROPA,48387,Male,38,Single Family,3,20,10,1,1
65192,IVB - MIMAROPA,29856,Male,77,Single Family,2,25,10,2,1
564235,IVB - MIMAROPA,66083,Male,50,Single Family,2,76,11,3,1
102560,IVB - MIMAROPA,36492,Female,53,Single Family,3,42,60,2,1
444248,IVB - MIMAROPA,56848,Male,76,Extended Family,4,79,30,2,1
440162,IVB - MIMAROPA,90362,Female,49,Single Family,4,90,19,1,1
81716,IVB - MIMAROPA,42208,Female,64,Extended Family,2,35,6,1,0
114682,IVB - MIMAROPA,59738,Male,62,Extended Family,7,25,20,2,0
294547,IVB - MIMAROPA,124302,Female,15,Extended Family,5,27,9,3,1
91907,IVB - MIMAROPA,68026,Male,43,Single Family,8,32,50,2,1
116953,IVB - MIMAROPA,73293,Male,30,Single Family,4,16,1,1,1
30107,IVB - MIMAROPA,21876,Male,55,Single Family,1,35,1,2,1
59748,IVB - MIMAROPA,39055,Male,23,Single Family,1,25,1,0,1
81900,IVB - MIMAROPA,59449,Male,39,Single Family,6,32,13,1,1
47512,IVB - MIMAROPA,34450,Male,28,Single Family,3,8,0,0,0
116427,IVB - MIMAROPA,71995,Male,35,Single Family,9,16,13,3,0
74619,IVB - MIMAROPA,53051,Male,24,Single Family,4,25,3,0,0
204803,IVB - MIMAROPA,91423,Male,41,Single Family,4,36,2,3,1
218937,IVB - MIMAROPA,101856,Female,58,Extended Family,6,50,12,3,1
311845,IVB - MIMAROPA,80305,Male,37,Single Family,1,25,2,0,1
168562,IVB - MIMAROPA,112814,Male,29,Single Family,5,20,4,1,1
1109464,IVB - MIMAROPA,120819,Male,61,Extended Family,3,60,20,2,1
282902,IVB - MIMAROPA,103671,Male,56,Single Family,5,20,4,1,1
481020,IVB - MIMAROPA,140796,Male,56,Single Family,5,60,45,4,1
470460,IVB - MIMAROPA,170759,Male,41,Single Family,5,30,7,1,1
160285,IVB - MIMAROPA,86772,Male,58,Extended Family,5,36,36,2,1
87240,IVB - MIMAROPA,41710,Male,47,Single Family,2,49,5,1,0
157017,IVB - MIMAROPA,72206,Male,30,Single Family,4,50,2,1,1
411667,IVB - MIMAROPA,88960,Female,53,Extended Family,10,50,14,1,1
53111,IVB - MIMAROPA,31771,Female,73,Single Family,1,40,15,1,0
147365,IVB - MIMAROPA,48134,Male,56,Extended Family,6,42,25,2,1
93740,IVB - MIMAROPA,39063,Male,39,Extended Family,8,39,12,2,1
141730,IVB - MIMAROPA,104445,Male,39,Single Family,10,9,21,1,1
78572,IVB - MIMAROPA,66289,Female,60,Extended Family,6,33,26,2,1
220610,IVB - MIMAROPA,47963,Male,57,Extended Family,9,50,17,0,1
2891788,IVB - MIMAROPA,198391,Male,77,Extended Family,5,89,40,3,1
121710,IVB - MIMAROPA,52120,Female,67,Extended Family,6,14,33,1,1
79010,IVB - MIMAROPA,40795,Male,23,Single Family,3,14,29,2,1
155258,IVB - MIMAROPA,104860,Female,61,Single Family,3,16,27,0,1
99250,IVB - MIMAROPA,56089,Male,60,Single Family,4,5,28,0,1
265573,IVB - MIMAROPA,135932,Male,48,Extended Family,9,10,20,2,1
140942,IVB - MIMAROPA,99443,Male,29,Single Family,5,17,15,2,1
785057,IVB - MIMAROPA,175596,Male,71,Extended Family,7,30,47,3,1
2546912,IVB - MIMAROPA,229260,Male,63,Single Family,4,126,61,4,1
164520,IVB - MIMAROPA,45598,Male,58,Extended Family,5,16,14,3,1
104848,IVB - MIMAROPA,28666,Male,48,Single Family,1,11,17,2,1
34590,IVB - MIMAROPA,11762,Female,67,Single Family,1,7,16,1,0
112660,IVB - MIMAROPA,49316,Male,44,Single Family,6,46,14,2,1
146295,IVB - MIMAROPA,48364,Female,67,Extended Family,2,20,19,1,0
64435,IVB - MIMAROPA,38748,Female,43,Single Family,4,13,17,2,1
173450,IVB - MIMAROPA,57949,Male,44,Single Family,9,50,25,1,1
145705,IVB - MIMAROPA,55559,Male,25,Single Family,3,18,8,1,1
307383,IVB - MIMAROPA,63998,Male,56,Single Family,2,92,15,4,1
177965,IVB - MIMAROPA,81611,Male,43,Single Family,6,37,12,1,1
351640,IVB - MIMAROPA,167353,Male,37,Single Family,5,27,37,4,1
753838,IVB - MIMAROPA,182422,Male,53,Single Family,6,32,23,3,1
89583,IVB - MIMAROPA,45463,Male,61,Single Family,2,14,15,2,1
229571,IVB - MIMAROPA,76076,Male,43,Single Family,5,9,15,0,1
184483,IVB - MIMAROPA,88571,Male,43,Single Family,4,14,6,2,1
207035,IVB - MIMAROPA,83536,Male,61,Extended Family,5,26,33,2,1
337282,IVB - MIMAROPA,119059,Male,66,Extended Family,7,14,35,2,1
668132,IVB - MIMAROPA,68566,Male,62,Single Family,2,36,23,3,1
133338,IVB - MIMAROPA,46723,Male,60,Single Family,5,32,12,2,1
195300,IVB - MIMAROPA,87033,Male,46,Extended Family,11,26,15,2,1
90968,IVB - MIMAROPA,44558,Male,32,Single Family,5,14,25,1,1
105753,IVB - MIMAROPA,45583,Male,65,Extended Family,3,14,20,2,1
265285,IVB - MIMAROPA,89324,Female,53,Extended Family,4,22,6,1,1
334000,IVB - MIMAROPA,83137,Male,75,Extended Family,6,14,15,0,1
68442,IVB - MIMAROPA,21990,Male,49,Single Family,1,17,18,2,1
183852,IVB - MIMAROPA,81221,Female,80,Single Family,2,14,45,3,1
101105,IVB - MIMAROPA,51381,Male,29,Single Family,5,6,8,0,1
94706,IVB - MIMAROPA,39515,Male,51,Single Family,7,23,16,1,1
146822,IVB - MIMAROPA,65755,Male,40,Extended Family,8,30,36,3,1
57190,IVB - MIMAROPA,25966,Male,55,Single Family,1,50,51,0,0
146340,IVB - MIMAROPA,67718,Female,43,Single Family,4,150,24,3,1
148214,IVB - MIMAROPA,52185,Female,48,Single Family,6,20,25,2,1
124653,IVB - MIMAROPA,43190,Male,58,Extended Family,4,39,32,0,1
135047,IVB - MIMAROPA,65857,Male,72,Extended Family,10,48,30,2,0
120694,IVB - MIMAROPA,92235,Male,32,Extended Family,6,48,7,2,1
487082,IVB - MIMAROPA,93107,Male,57,Single Family,2,80,10,2,1
88615,IVB - MIMAROPA,43453,Female,50,Extended Family,2,30,35,1,1
105707,IVB - MIMAROPA,70356,Male,36,Single Family,5,15,10,1,1
318945,IVB - MIMAROPA,126430,Male,43,Single Family,5,27,15,2,1
47171,IVB - MIMAROPA,32228,Female,63,Single Family,1,20,6,1,1
321189,IVB - MIMAROPA,63346,Male,69,Single Family,3,22,29,2,1
114319,IVB - MIMAROPA,69897,Female,57,Single Family,3,56,1,1,1
44322,IVB - MIMAROPA,30960,Male,35,Single Family,6,20,6,1,0
114496,IVB - MIMAROPA,73008,Male,30,Single Family,3,11,6,1,1
52933,IVB - MIMAROPA,40899,Male,63,Single Family,5,20,14,1,0
108225,IVB - MIMAROPA,58916,Male,57,Extended Family,4,15,18,2,1
177135,IVB - MIMAROPA,104542,Male,51,Single Family,5,54,50,1,1
38908,IVB - MIMAROPA,32293,Male,30,Single Family,5,18,5,1,0
165734,IVB - MIMAROPA,55121,Male,37,Single Family,4,18,7,2,1
222484,IVB - MIMAROPA,60615,Female,80,Single Family,1,39,20,2,1
116329,IVB - MIMAROPA,46487,Male,58,Single Family,4,11,5,0,0
444767,IVB - MIMAROPA,67350,Male,39,Single Family,2,68,0,2,1
43595,IVB - MIMAROPA,27139,Female,75,Single Family,1,14,10,1,1
277741,IVB - MIMAROPA,93319,Male,57,Single Family,3,65,10,2,1
211605,IVB - MIMAROPA,100155,Male,55,Extended Family,9,36,2,1,1
170506,IVB - MIMAROPA,69342,Male,46,Single Family,6,14,2,0,1
69102,IVB - MIMAROPA,35917,Female,75,Single Family,3,30,20,1,1
133475,IVB - MIMAROPA,37054,Male,67,Single Family,2,43,15,3,1
162273,IVB - MIMAROPA,64681,Male,35,Two or More Nonrelated Persons/Members,3,80,17,2,1
70069,IVB - MIMAROPA,14124,Female,86,Single Family,1,11,7,1,1
651590,IVB - MIMAROPA,166105,Male,59,Single Family,8,54,13,5,1
118363,IVB - MIMAROPA,53798,Male,48,Single Family,4,17,8,2,1
166041,IVB - MIMAROPA,74283,Male,37,Single Family,6,11,7,1,1
131715,IVB - MIMAROPA,60635,Male,51,Single Family,5,19,13,2,1
80623,IVB - MIMAROPA,30724,Female,51,Single Family,2,14,10,2,1
173076,IVB - MIMAROPA,77262,Male,37,Single Family,4,25,5,2,1
166414,IVB - MIMAROPA,61160,Male,47,Single Family,5,25,5,1,1
208608,IVB - MIMAROPA,92887,Male,35,Single Family,5,36,13,3,1
182363,IVB - MIMAROPA,93358,Male,60,Single Family,3,32,14,2,1
105512,IVB - MIMAROPA,44265,Male,40,Single Family,5,9,15,1,1
123395,IVB - MIMAROPA,67790,Male,32,Extended Family,6,49,17,2,1
76765,IVB - MIMAROPA,30904,Female,56,Extended Family,5,6,10,1,0
106529,IVB - MIMAROPA,26288,Male,42,Single Family,5,9,10,1,0
129074,IVB - MIMAROPA,43956,Male,44,Single Family,3,14,9,1,1
263202,IVB - MIMAROPA,48657,Male,53,Single Family,3,36,10,2,1
83265,IVB - MIMAROPA,30400,Male,52,Extended Family,4,9,10,2,1
210802,IVB - MIMAROPA,96200,Male,49,Extended Family,9,11,12,1,0
143495,IVB - MIMAROPA,64012,Male,41,Single Family,8,14,25,1,1
91705,IVB - MIMAROPA,25426,Male,41,Single Family,3,27,15,2,1
168560,IVB - MIMAROPA,54948,Female,66,Extended Family,2,20,10,2,1
154752,IVB - MIMAROPA,47960,Male,51,Single Family,3,27,27,3,1
77155,IVB - MIMAROPA,21093,Male,69,Extended Family,3,9,20,1,1
1128550,IVB - MIMAROPA,58408,Male,57,Single Family,2,27,35,2,1
85247,IVB - MIMAROPA,41793,Male,61,Single Family,4,20,10,2,0
864056,IVB - MIMAROPA,126887,Female,48,Extended Family,5,56,24,2,1
181085,IVB - MIMAROPA,75641,Male,55,Extended Family,10,9,1,2,1
134900,IVB - MIMAROPA,65014,Male,40,Single Family,7,9,16,1,1
205673,IVB - MIMAROPA,93001,Male,54,Extended Family,6,27,12,2,1
341035,IVB - MIMAROPA,67051,Male,66,Single Family,3,36,13,4,1
527620,IVB - MIMAROPA,72361,Male,53,Single Family,3,27,14,3,1
130327,IVB - MIMAROPA,51283,Male,45,Single Family,5,48,15,2,1
237585,IVB - MIMAROPA,87173,Male,37,Single Family,5,96,8,2,1
117667,IVB - MIMAROPA,49409,Male,69,Single Family,4,120,8,2,1
81664,IVB - MIMAROPA,31843,Male,82,Single Family,4,80,2,1,1
113418,IVB - MIMAROPA,57031,Male,40,Single Family,4,54,7,2,1
88550,IVB - MIMAROPA,28380,Male,40,Single Family,3,136,14,1,1
125205,IVB - MIMAROPA,49437,Male,52,Single Family,3,18,11,3,1
672326,IVB - MIMAROPA,89338,Female,46,Single Family,5,150,15,3,1
103638,IVB - MIMAROPA,56205,Male,61,Single Family,4,11,10,1,1
289181,IVB - MIMAROPA,88426,Female,67,Single Family,5,168,24,3,1
721482,IVB - MIMAROPA,57928,Male,46,Extended Family,6,36,15,2,1
487063,IVB - MIMAROPA,172306,Male,46,Single Family,7,32,25,3,1
49169,IVB - MIMAROPA,28317,Male,67,Single Family,5,8,6,0,1
49524,IVB - MIMAROPA,27554,Male,32,Single Family,6,10,5,0,1
62460,IVB - MIMAROPA,34563,Male,53,Single Family,8,80,20,2,0
47579,IVB - MIMAROPA,20908,Female,82,Single Family,1,17,43,2,1
97617,IVB - MIMAROPA,62607,Male,50,Single Family,6,20,6,1,1
81394,IVB - MIMAROPA,75299,Male,58,Single Family,5,40,15,1,1
104769,IVB - MIMAROPA,58705,Male,46,Single Family,6,20,29,2,1
150842,IVB - MIMAROPA,34453,Female,38,Single Family,2,48,6,2,1
142671,IVB - MIMAROPA,73798,Male,35,Single Family,8,40,15,3,1
80740,IVB - MIMAROPA,48648,Male,29,Single Family,6,12,3,2,0
129385,IVB - MIMAROPA,57006,Male,53,Single Family,4,20,14,2,1
101588,IVB - MIMAROPA,52626,Male,68,Single Family,5,13,20,1,1
153650,IVB - MIMAROPA,43650,Male,54,Extended Family,4,32,3,2,1
141351,IVB - MIMAROPA,36809,Male,83,Single Family,2,95,5,3,1
169915,IVB - MIMAROPA,64449,Male,68,Single Family,3,32,14,2,1
196259,IVB - MIMAROPA,62020,Male,56,Extended Family,4,9,22,2,1
212025,IVB - MIMAROPA,82591,Male,46,Single Family,7,11,55,2,1
72154,IVB - MIMAROPA,28394,Female,82,Two or More Nonrelated Persons/Members,2,11,7,2,1
122025,IVB - MIMAROPA,47830,Male,48,Single Family,6,9,15,1,0
82226,IVB - MIMAROPA,28935,Male,51,Single Family,8,80,3,1,1
59584,IVB - MIMAROPA,20414,Female,71,Single Family,2,22,51,1,1
129821,IVB - MIMAROPA,53908,Male,51,Single Family,8,9,6,1,1
88418,IVB - MIMAROPA,45497,Male,56,Extended Family,4,19,42,1,0
75563,IVB - MIMAROPA,55142,Male,46,Single Family,7,11,13,1,1
56610,IVB - MIMAROPA,39682,Male,71,Single Family,6,54,6,1,1
147214,IVB - MIMAROPA,50617,Male,43,Single Family,5,80,13,1,1
227277,IVB - MIMAROPA,107744,Male,36,Single Family,7,29,5,2,1
59977,IVB - MIMAROPA,26524,Male,33,Single Family,7,19,8,1,1
68223,IVB - MIMAROPA,45446,Male,35,Single Family,6,23,1,1,1
45859,IVB - MIMAROPA,32523,Male,25,Single Family,5,5,6,1,0
57188,IVB - MIMAROPA,37519,Male,61,Single Family,5,45,7,2,1
62629,IVB - MIMAROPA,33286,Male,55,Single Family,6,23,3,4,1
587059,IVB - MIMAROPA,84525,Male,61,Single Family,2,85,5,3,1
79716,IVB - MIMAROPA,30040,Female,43,Single Family,5,17,8,2,0
58719,IVB - MIMAROPA,27673,Male,45,Single Family,7,22,13,0,0
33627,IVB - MIMAROPA,22252,Male,24,Single Family,4,18,2,1,0
61630,IVB - MIMAROPA,32449,Male,36,Single Family,2,6,2,1,0
482303,IVB - MIMAROPA,69214,Female,32,Single Family,2,36,15,2,1
155938,IVB - MIMAROPA,68014,Male,57,Extended Family,3,216,20,3,1
1010616,IVB - MIMAROPA,213943,Female,73,Extended Family,7,150,17,5,1
423588,IVB - MIMAROPA,61142,Male,44,Single Family,6,40,15,2,1
678176,IVB - MIMAROPA,183356,Male,39,Single Family,5,120,9,3,1
1204632,IVB - MIMAROPA,136424,Male,58,Extended Family,5,56,7,3,1
239366,IVB - MIMAROPA,50348,Female,46,Single Family,3,39,15,3,1
735898,IVB - MIMAROPA,51158,Male,67,Single Family,3,70,15,3,1
320804,IVB - MIMAROPA,57974,Male,50,Extended Family,6,41,20,1,1
39744,IVB - MIMAROPA,18825,Female,84,Single Family,1,40,55,1,1
522985,IVB - MIMAROPA,153744,Male,53,Extended Family,5,200,25,4,1
213823,IVB - MIMAROPA,55236,Male,63,Extended Family,6,60,41,2,1
412675,IVB - MIMAROPA,94653,Female,76,Extended Family,4,120,55,3,1
107341,IVB - MIMAROPA,48221,Male,62,Single Family,4,120,25,2,1
92035,IVB - MIMAROPA,48098,Male,53,Extended Family,5,32,9,2,1
291703,IVB - MIMAROPA,72130,Female,36,Single Family,2,15,15,1,1
81557,IVB - MIMAROPA,36170,Female,25,Single Family,3,28,38,0,1
168636,IVB - MIMAROPA,66512,Female,43,Single Family,3,20,20,1,1
210934,IVB - MIMAROPA,88682,Female,66,Extended Family,8,28,7,1,1
110587,IVB - MIMAROPA,53429,Male,54,Single Family,4,50,5,1,1
368432,IVB - MIMAROPA,148866,Female,58,Extended Family,9,48,3,4,1
432110,IVB - MIMAROPA,149451,Male,31,Single Family,4,60,4,1,1
643185,IVB - MIMAROPA,123918,Male,51,Single Family,4,200,10,2,1
195141,IVB - MIMAROPA,91538,Male,50,Single Family,3,34,27,2,1
493648,IVB - MIMAROPA,67304,Male,49,Single Family,3,20,14,2,1
113730,IVB - MIMAROPA,59734,Male,36,Single Family,3,33,9,1,1
2347698,IVB - MIMAROPA,144179,Male,61,Extended Family,5,150,5,4,1
116138,IVB - MIMAROPA,55869,Male,42,Single Family,3,48,61,0,1
145961,IVB - MIMAROPA,68114,Male,47,Single Family,5,70,8,1,1
119606,IVB - MIMAROPA,57398,Male,50,Single Family,5,200,10,1,1
29501,IVB - MIMAROPA,19381,Female,71,Single Family,1,64,31,1,1
113886,IVB - MIMAROPA,19399,Female,67,Single Family,1,54,45,1,1
623221,IVB - MIMAROPA,118424,Male,56,Extended Family,5,55,29,3,1
1006774,IVB - MIMAROPA,120289,Male,40,Extended Family,4,100,12,4,1
290605,IVB - MIMAROPA,100834,Male,39,Single Family,5,40,10,1,1
296238,IVB - MIMAROPA,78937,Male,51,Single Family,4,36,17,2,1
118296,IVB - MIMAROPA,66135,Male,34,Single Family,6,40,10,3,1
152015,IVB - MIMAROPA,57224,Male,55,Single Family,3,70,16,3,1
310760,IVB - MIMAROPA,79591,Male,42,Single Family,5,11,8,0,1
82673,IVB - MIMAROPA,44033,Female,69,Extended Family,8,17,10,0,1
160970,IVB - MIMAROPA,96666,Male,49,Extended Family,11,14,18,2,0
91382,IVB - MIMAROPA,40807,Male,54,Single Family,4,18,2,2,1
1186950,IVB - MIMAROPA,149379,Male,43,Single Family,4,14,5,2,1
519448,IVB - MIMAROPA,121939,Male,32,Single Family,4,27,14,4,1
106794,IVB - MIMAROPA,23693,Female,63,Extended Family,5,65,15,2,1
93000,IVB - MIMAROPA,43354,Male,55,Extended Family,3,45,6,2,1
106026,IVB - MIMAROPA,62869,Male,50,Single Family,7,27,14,1,1
190091,IVB - MIMAROPA,43676,Male,59,Single Family,2,54,12,2,1
154394,IVB - MIMAROPA,67834,Male,55,Extended Family,6,63,17,2,1
161265,IVB - MIMAROPA,77565,Male,53,Extended Family,5,50,35,2,1
140232,IVB - MIMAROPA,70036,Male,35,Single Family,5,54,18,2,1
47456,IVB - MIMAROPA,18159,Female,61,Single Family,1,19,18,2,1
164579,IVB - MIMAROPA,73162,Male,40,Single Family,8,96,14,2,0
203328,IVB - MIMAROPA,31010,Female,53,Single Family,5,25,25,2,0
333763,IVB - MIMAROPA,108115,Male,54,Single Family,7,32,19,3,1
186319,IVB - MIMAROPA,59175,Male,38,Single Family,6,26,3,2,1
104447,IVB - MIMAROPA,45875,Male,70,Single Family,3,32,20,2,1
191151,IVB - MIMAROPA,63301,Female,51,Single Family,4,27,19,2,1
352652,IVB - MIMAROPA,84080,Male,49,Extended Family,10,32,5,3,1
229704,IVB - MIMAROPA,82757,Male,45,Single Family,5,18,14,1,1
217155,IVB - MIMAROPA,71283,Male,60,Single Family,6,14,7,1,1
24068,IVB - MIMAROPA,10488,Female,74,Single Family,1,7,14,1,0
137979,IVB - MIMAROPA,35294,Male,63,Single Family,3,9,25,2,0
92067,IVB - MIMAROPA,24137,Male,73,Single Family,2,15,18,2,1
312182,IVB - MIMAROPA,52480,Male,71,Extended Family,3,36,35,3,1
178177,IVB - MIMAROPA,46785,Male,40,Extended Family,5,40,35,1,1
58347,IVB - MIMAROPA,10944,Female,79,Single Family,1,24,25,3,1
544130,IVB - MIMAROPA,115448,Female,53,Single Family,3,30,15,3,1
149364,IVB - MIMAROPA,44601,Male,54,Single Family,4,14,25,2,1
196812,IVB - MIMAROPA,61972,Female,33,Single Family,4,27,6,2,1
47091,IVB - MIMAROPA,17272,Female,66,Single Family,2,13,18,1,1
170152,IVB - MIMAROPA,82289,Male,46,Single Family,5,18,15,2,1
242163,IVB - MIMAROPA,117787,Male,38,Single Family,6,61,2,3,1
91766,IVB - MIMAROPA,24507,Female,63,Single Family,1,45,5,2,1
112535,IVB - MIMAROPA,28680,Male,56,Single Family,1,27,13,2,1
255725,IVB - MIMAROPA,41782,Male,61,Single Family,4,43,9,2,1
88499,IVB - MIMAROPA,39798,Male,36,Single Family,4,16,16,1,1
93268,IVB - MIMAROPA,51314,Male,44,Single Family,3,9,8,1,0
60059,IVB - MIMAROPA,23967,Female,80,Extended Family,2,24,3,1,1
102567,IVB - MIMAROPA,46034,Male,30,Single Family,4,80,8,1,1
81480,IVB - MIMAROPA,62029,Female,40,Extended Family,8,12,15,1,1
251893,IVB - MIMAROPA,65204,Male,32,Single Family,4,25,18,1,1
137860,IVB - MIMAROPA,73635,Male,37,Single Family,8,25,16,1,1
45871,IVB - MIMAROPA,22629,Male,70,Single Family,1,30,25,1,1
111060,IVB - MIMAROPA,59406,Male,34,Single Family,7,30,13,1,1
56384,IVB - MIMAROPA,35185,Male,58,Single Family,1,18,5,1,1
161198,IVB - MIMAROPA,87707,Female,55,Extended Family,5,80,22,1,1
142930,IVB - MIMAROPA,60562,Male,52,Single Family,3,36,13,2,1
146914,IVB - MIMAROPA,55643,Female,49,Extended Family,6,29,15,2,1
234920,IVB - MIMAROPA,108117,Male,61,Extended Family,8,200,15,4,1
201315,IVB - MIMAROPA,89377,Male,49,Single Family,6,200,62,3,1
47611,IVB - MIMAROPA,23293,Female,73,Extended Family,2,200,25,1,1
114875,IVB - MIMAROPA,57717,Male,43,Single Family,4,80,16,1,1
338258,IVB - MIMAROPA,115626,Male,51,Extended Family,11,750,105,4,1
471297,IVB - MIMAROPA,75528,Male,60,Single Family,5,90,8,4,1
84418,IVB - MIMAROPA,42851,Male,30,Single Family,3,42,9,1,1
488968,IVB - MIMAROPA,150999,Male,48,Single Family,12,43,28,1,1
67141,IVB - MIMAROPA,30006,Female,49,Single Family,3,42,8,0,0
866612,IVB - MIMAROPA,109241,Male,52,Extended Family,4,83,4,3,1
207999,IVB - MIMAROPA,77732,Male,56,Single Family,6,69,26,2,1
215368,IVB - MIMAROPA,56520,Male,65,Single Family,3,80,10,2,1
131454,IVB - MIMAROPA,55133,Male,37,Two or More Nonrelated Persons/Members,2,140,30,2,1
64345,IVB - MIMAROPA,34739,Male,60,Single Family,3,36,22,1,1
107491,IVB - MIMAROPA,62351,Male,53,Single Family,3,26,24,2,1
36869,IVB - MIMAROPA,19814,Male,36,Single Family,3,18,14,0,1
27564,IVB - MIMAROPA,11359,Female,62,Single Family,1,15,14,0,0
44275,IVB - MIMAROPA,25422,Male,45,Extended Family,9,29,5,0,0
34350,IVB - MIMAROPA,19948,Male,66,Single Family,6,13,14,0,0
188880,IVB - MIMAROPA,76223,Male,35,Single Family,4,54,15,2,1
168534,IVB - MIMAROPA,52500,Male,39,Single Family,6,44,13,2,1
195642,IVB - MIMAROPA,80947,Male,48,Single Family,8,32,15,2,1
208720,IVB - MIMAROPA,73333,Male,43,Single Family,6,40,15,2,1
114645,IVB - MIMAROPA,43272,Female,66,Single Family,4,30,4,1,1
216340,IVB - MIMAROPA,85103,Male,40,Single Family,6,40,10,2,1
41385,IVB - MIMAROPA,16233,Female,76,Single Family,1,20,10,2,0
79842,IVB - MIMAROPA,34923,Male,54,Single Family,3,50,7,2,1
52001,IVB - MIMAROPA,18634,Female,76,Single Family,1,38,20,2,1
167224,IVB - MIMAROPA,52551,Male,35,Single Family,4,30,6,1,1
95181,IVB - MIMAROPA,35890,Female,19,Extended Family,2,33,20,1,1
97973,IVB - MIMAROPA,39020,Male,66,Extended Family,5,28,8,1,1
67309,IVB - MIMAROPA,22363,Female,80,Single Family,2,34,8,1,1
68982,IVB - MIMAROPA,24620,Male,55,Single Family,2,54,7,3,1
99383,IVB - MIMAROPA,54690,Male,34,Single Family,6,11,6,2,1
132231,IVB - MIMAROPA,53970,Male,49,Single Family,6,48,21,2,1
120054,IVB - MIMAROPA,54644,Male,35,Single Family,8,80,6,1,1
166505,IVB - MIMAROPA,41793,Male,60,Extended Family,6,15,25,1,1
65207,IVB - MIMAROPA,18516,Male,33,Single Family,1,36,3,2,1
61396,IVB - MIMAROPA,20836,Male,51,Single Family,1,13,31,2,1
152627,IVB - MIMAROPA,80677,Male,50,Single Family,8,18,1,2,1
43599,IVB - MIMAROPA,23142,Male,56,Single Family,3,11,3,1,1
131665,IVB - MIMAROPA,58002,Male,53,Single Family,5,9,21,1,1
37834,IVB - MIMAROPA,20576,Female,65,Extended Family,2,40,10,1,1
125975,IVB - MIMAROPA,48591,Male,57,Single Family,7,7,6,1,0
58560,IVB - MIMAROPA,27547,Male,68,Single Family,2,43,3,2,0
99522,IVB - MIMAROPA,47849,Male,40,Single Family,4,9,15,2,1
138907,IVB - MIMAROPA,49277,Male,54,Single Family,3,29,30,2,1
208288,IVB - MIMAROPA,69700,Male,51,Extended Family,5,24,2,1,1
87071,IVB - MIMAROPA,19618,Male,63,Single Family,2,75,21,2,1
123142,IVB - MIMAROPA,46237,Male,38,Single Family,5,40,15,1,1
121723,IVB - MIMAROPA,55883,Male,40,Single Family,5,13,4,1,1
112140,IVB - MIMAROPA,45014,Male,55,Extended Family,5,40,19,1,1
134374,IVB - MIMAROPA,62019,Male,40,Single Family,6,45,14,1,1
94887,IVB - MIMAROPA,45874,Female,33,Single Family,4,36,15,2,1
181177,IVB - MIMAROPA,41648,Male,49,Single Family,4,63,25,2,1
192813,IVB - MIMAROPA,78468,Male,39,Single Family,5,54,14,1,1
116235,IVB - MIMAROPA,40692,Male,33,Extended Family,7,27,24,3,1
73799,IVB - MIMAROPA,35594,Female,56,Extended Family,6,27,23,2,1
113284,IVB - MIMAROPA,55115,Male,37,Single Family,3,9,9,1,1
193278,IVB - MIMAROPA,86669,Male,34,Single Family,5,36,23,3,1
96181,IVB - MIMAROPA,38422,Female,70,Single Family,2,63,34,2,1
97483,IVB - MIMAROPA,39517,Male,34,Single Family,4,14,17,1,0
239308,IVB - MIMAROPA,80915,Male,79,Extended Family,10,30,35,2,1
99295,IVB - MIMAROPA,47109,Male,57,Single Family,3,54,24,2,1
211359,IVB - MIMAROPA,67360,Female,61,Extended Family,7,63,16,1,1
108247,IVB - MIMAROPA,52954,Male,43,Single Family,3,18,12,3,1
42983,IVB - MIMAROPA,17523,Male,78,Single Family,1,35,25,1,0
347715,IVB - MIMAROPA,87832,Male,48,Single Family,3,70,21,3,1
46150,IVB - MIMAROPA,19651,Female,62,Single Family,1,20,11,2,1
144462,IVB - MIMAROPA,71933,Male,49,Single Family,3,60,20,3,1
110265,IVB - MIMAROPA,65039,Male,42,Single Family,5,50,9,2,1
92101,IVB - MIMAROPA,51018,Female,45,Single Family,5,35,8,1,1
187900,IVB - MIMAROPA,80680,Male,52,Single Family,6,25,10,2,1
54073,IVB - MIMAROPA,32069,Male,73,Single Family,2,20,24,1,0
157779,IVB - MIMAROPA,72020,Male,55,Single Family,7,40,20,2,1
130104,IVB - MIMAROPA,49869,Male,64,Single Family,3,24,15,3,1
115186,IVB - MIMAROPA,73886,Male,41,Single Family,5,13,4,1,1
125480,IVB - MIMAROPA,55845,Male,51,Extended Family,7,24,15,2,1
165974,IVB - MIMAROPA,74096,Male,42,Single Family,6,29,12,1,1
149952,IVB - MIMAROPA,63204,Male,77,Extended Family,5,65,20,2,1
165752,IVB - MIMAROPA,71448,Male,38,Extended Family,5,13,58,2,1
185656,IVB - MIMAROPA,28299,Female,77,Single Family,1,168,37,2,1
104392,IVB - MIMAROPA,60447,Male,44,Single Family,5,14,16,1,1
145542,IVB - MIMAROPA,40406,Female,71,Extended Family,2,112,40,2,1
155531,IVB - MIMAROPA,47448,Female,58,Extended Family,5,130,20,2,1
1117130,IVB - MIMAROPA,129380,Male,52,Extended Family,5,96,15,3,1
67152,IVB - MIMAROPA,37978,Female,63,Single Family,2,9,30,1,0
290547,IVB - MIMAROPA,76360,Female,52,Extended Family,6,54,37,3,1
213160,IVB - MIMAROPA,52994,Female,27,Single Family,3,35,20,2,1
107844,IVB - MIMAROPA,67333,Female,57,Extended Family,6,30,16,2,1
398050,IVB - MIMAROPA,78295,Female,41,Extended Family,4,100,23,3,1
373469,IVB - MIMAROPA,90889,Female,47,Single Family,3,20,2,1,1
93705,IVB - MIMAROPA,35878,Male,49,Single Family,2,25,23,1,1
76915,IVB - MIMAROPA,32223,Female,63,Single Family,2,15,25,1,1
162218,IVB - MIMAROPA,70054,Female,40,Single Family,2,56,2,2,1
166380,IVB - MIMAROPA,55249,Male,53,Single Family,4,30,30,1,1
186922,IVB - MIMAROPA,71010,Female,63,Extended Family,5,54,29,2,1
123117,IVB - MIMAROPA,51591,Female,64,Extended Family,4,25,38,2,1
241255,IVB - MIMAROPA,88418,Male,48,Single Family,5,65,11,2,1
157550,IVB - MIMAROPA,42675,Male,62,Extended Family,3,30,43,1,1
95770,IVB - MIMAROPA,33837,Male,35,Single Family,3,15,0,0,1
175408,IVB - MIMAROPA,54600,Male,48,Extended Family,4,36,8,2,1
377458,IVB - MIMAROPA,136473,Male,39,Single Family,6,100,15,3,1
407850,IVB - MIMAROPA,154874,Male,49,Single Family,7,50,7,2,1
855215,IVB - MIMAROPA,148318,Male,62,Extended Family,4,80,25,3,1
177140,IVB - MIMAROPA,76281,Male,44,Single Family,4,20,25,1,1
209245,IVB - MIMAROPA,90810,Female,59,Extended Family,6,127,15,2,1
232789,IVB - MIMAROPA,36554,Female,72,Single Family,1,250,18,2,1
176383,IVB - MIMAROPA,76058,Male,53,Extended Family,4,14,6,1,1
71652,IVB - MIMAROPA,27455,Male,34,Extended Family,6,20,15,1,1
436661,IVB - MIMAROPA,129751,Male,47,Single Family,5,320,20,3,1
121353,IVB - MIMAROPA,46724,Male,39,Single Family,3,20,5,1,1
68359,IVB - MIMAROPA,20943,Male,81,Single Family,2,9,63,1,0
186022,IVB - MIMAROPA,57766,Male,58,Extended Family,7,84,8,2,1
433224,IVB - MIMAROPA,81221,Male,53,Extended Family,6,47,11,2,1
477684,IVB - MIMAROPA,126269,Male,62,Extended Family,8,270,3,5,1
79331,IVB - MIMAROPA,28035,Male,69,Extended Family,4,24,25,0,1
298538,IVB - MIMAROPA,82829,Male,30,Single Family,3,80,15,2,1
90069,IVB - MIMAROPA,33862,Male,30,Single Family,3,36,20,2,1
217193,IVB - MIMAROPA,73236,Male,87,Extended Family,7,60,30,2,1
102670,IVB - MIMAROPA,57875,Male,47,Single Family,4,35,24,1,1
102232,IVB - MIMAROPA,52072,Male,57,Single Family,3,12,1,1,1
148066,IVB - MIMAROPA,40477,Male,68,Single Family,3,77,10,3,1
112857,IVB - MIMAROPA,50112,Male,39,Single Family,4,40,11,2,1
107524,IVB - MIMAROPA,61968,Male,35,Single Family,8,25,4,1,1
125085,IVB - MIMAROPA,41268,Female,53,Extended Family,3,35,20,3,1
273803,IVB - MIMAROPA,60547,Male,66,Single Family,1,150,18,5,1
41448,IVB - MIMAROPA,17894,Female,71,Single Family,1,50,5,1,1
77368,IVB - MIMAROPA,38109,Male,56,Single Family,3,10,3,2,1
35637,IVB - MIMAROPA,17009,Male,66,Single Family,1,20,30,1,0
49196,IVB - MIMAROPA,19002,Female,67,Single Family,1,54,47,1,1
254984,IVB - MIMAROPA,83593,Male,46,Extended Family,5,20,20,2,1
123241,IVB - MIMAROPA,33090,Male,66,Single Family,2,23,40,2,1
116043,IVB - MIMAROPA,45962,Male,43,Single Family,4,32,25,2,1
63413,IVB - MIMAROPA,24598,Female,51,Single Family,2,100,17,1,1
18784,IVB - MIMAROPA,12997,Female,82,Single Family,1,24,50,1,1
39682,IVB - MIMAROPA,16935,Male,66,Single Family,1,20,1,2,1
74910,IVB - MIMAROPA,47977,Male,76,Single Family,4,24,12,2,1
126020,IVB - MIMAROPA,39192,Female,62,Extended Family,5,24,11,0,1
853706,IVB - MIMAROPA,74750,Female,46,Single Family,3,30,30,2,1
375621,IVB - MIMAROPA,115272,Male,38,Single Family,5,40,12,2,1
269224,IVB - MIMAROPA,72993,Male,57,Extended Family,4,43,20,3,1
104665,IVB - MIMAROPA,39265,Male,41,Single Family,2,22,6,2,1
314121,IVB - MIMAROPA,90777,Male,52,Single Family,6,50,9,2,1
294028,IVB - MIMAROPA,74680,Male,43,Single Family,4,100,35,2,1
282453,IVB - MIMAROPA,51789,Female,50,Single Family,2,80,17,2,1
163770,IVB - MIMAROPA,56119,Male,48,Single Family,3,120,17,2,1
245374,IVB - MIMAROPA,71417,Male,38,Single Family,4,39,17,1,1
209159,IVB - MIMAROPA,63008,Male,45,Single Family,4,70,14,2,1
56049,IVB - MIMAROPA,26879,Male,30,Single Family,1,24,8,0,1
113287,IVB - MIMAROPA,51642,Male,47,Extended Family,5,22,13,2,1
140483,IVB - MIMAROPA,58873,Female,76,Single Family,1,50,25,3,1
102897,IVB - MIMAROPA,27888,Male,47,Single Family,2,20,21,1,1
145274,IVB - MIMAROPA,38539,Male,56,Single Family,2,100,10,2,1
127075,IVB - MIMAROPA,40256,Male,30,Single Family,3,80,5,1,1
214176,IVB - MIMAROPA,60167,Male,58,Extended Family,5,20,11,3,1
318731,IVB - MIMAROPA,55658,Female,44,Single Family,3,12,20,2,1
364418,IVB - MIMAROPA,97561,Male,56,Extended Family,4,84,9,3,1
144600,IVB - MIMAROPA,48233,Male,76,Single Family,3,45,20,3,1
147354,IVB - MIMAROPA,71736,Male,37,Single Family,4,45,16,1,1
150852,IVB - MIMAROPA,93441,Male,37,Extended Family,5,23,6,2,1
104066,IVB - MIMAROPA,37239,Male,66,Single Family,2,15,20,2,1
632410,IVB - MIMAROPA,118740,Female,39,Single Family,5,97,5,3,1
128990,IVB - MIMAROPA,68093,Male,44,Single Family,6,30,13,2,0
145850,IVB - MIMAROPA,45910,Female,57,Single Family,2,40,15,2,0
210415,IVB - MIMAROPA,54989,Male,29,Single Family,4,20,12,1,1
291220,IVB - MIMAROPA,88382,Male,77,Extended Family,4,40,13,4,1
81200,IVB - MIMAROPA,28604,Male,29,Single Family,2,12,20,0,1
70900,IVB - MIMAROPA,62590,Male,36,Single Family,7,12,15,0,1
61390,IVB - MIMAROPA,43751,Male,72,Extended Family,4,20,25,1,1
97930,IVB - MIMAROPA,57688,Male,51,Single Family,5,20,10,3,1
68800,IVB - MIMAROPA,37449,Male,23,Single Family,4,20,12,2,1
544832,IVB - MIMAROPA,33288,Male,61,Single Family,2,80,23,3,1
90875,IVB - MIMAROPA,61247,Male,36,Single Family,6,30,12,3,1
184290,IVB - MIMAROPA,65464,Male,36,Extended Family,6,30,12,2,1
123170,IVB - MIMAROPA,40259,Male,44,Single Family,3,20,12,2,1
77450,IVB - MIMAROPA,30814,Male,36,Single Family,4,6,13,1,1
82420,IVB - MIMAROPA,31257,Male,36,Single Family,2,24,12,2,1
81750,IVB - MIMAROPA,33862,Male,53,Single Family,3,20,12,2,1
63660,IVB - MIMAROPA,16850,Male,71,Single Family,2,20,23,2,1
293370,IVB - MIMAROPA,70182,Male,39,Single Family,4,32,7,2,1
260100,IVB - MIMAROPA,42629,Male,62,Single Family,3,56,16,2,1
164225,IVB - MIMAROPA,53743,Male,42,Single Family,4,42,12,3,1
124105,IVB - MIMAROPA,61720,Male,34,Single Family,6,30,15,3,1
125171,IVB - MIMAROPA,77394,Female,46,Extended Family,6,24,15,1,0
227333,IVB - MIMAROPA,86129,Male,43,Single Family,7,120,15,3,0
430148,IVB - MIMAROPA,133123,Male,35,Single Family,4,60,10,2,1
58451,IVB - MIMAROPA,30409,Male,81,Extended Family,3,56,17,2,1
523039,IVB - MIMAROPA,109443,Male,62,Single Family,4,96,25,2,1
101268,IVB - MIMAROPA,73751,Male,38,Single Family,6,20,13,2,1
84973,IVB - MIMAROPA,42383,Male,69,Extended Family,6,30,24,2,1
140888,IVB - MIMAROPA,47454,Male,40,Single Family,4,30,5,2,0
73286,IVB - MIMAROPA,46513,Male,60,Single Family,2,40,20,3,1
238931,IVB - MIMAROPA,73804,Male,40,Extended Family,5,50,20,2,1
171835,IVB - MIMAROPA,66131,Male,35,Single Family,4,72,12,2,1
192485,IVB - MIMAROPA,83134,Male,43,Extended Family,6,40,26,0,1
41420,IVB - MIMAROPA,20714,Male,43,Single Family,1,20,15,0,0
126171,IVB - MIMAROPA,53192,Male,76,Single Family,2,30,35,2,1
158025,IVB - MIMAROPA,66763,Female,39,Single Family,6,20,15,0,1
353829,IVB - MIMAROPA,82806,Male,51,Single Family,7,60,15,3,1
228443,IVB - MIMAROPA,107050,Male,52,Single Family,7,40,14,2,1
725655,IVB - MIMAROPA,312099,Male,43,Single Family,5,60,15,2,1
401317,IVB - MIMAROPA,33179,Female,63,Single Family,2,15,35,2,1
141632,IVB - MIMAROPA,87730,Male,44,Single Family,5,72,23,2,1
251240,IVB - MIMAROPA,120509,Male,39,Single Family,6,49,5,4,0
97518,IVB - MIMAROPA,59780,Male,34,Single Family,3,16,15,1,0
140160,IVB - MIMAROPA,83060,Male,59,Single Family,8,35,1,1,1
94610,IVB - MIMAROPA,51929,Male,44,Single Family,5,35,2,0,1
97040,IVB - MIMAROPA,62087,Male,57,Single Family,5,50,1,2,1
88104,IVB - MIMAROPA,36935,Male,41,Extended Family,4,35,7,1,1
104960,IVB - MIMAROPA,74243,Male,42,Single Family,7,47,30,1,1
105488,IVB - MIMAROPA,47523,Male,31,Single Family,4,40,2,1,0
117200,IVB - MIMAROPA,102292,Male,45,Single Family,10,50,1,1,1
66610,IVB - MIMAROPA,61504,Male,51,Single Family,4,30,13,2,0
59550,IVB - MIMAROPA,38501,Male,64,Single Family,3,15,5,0,1
70410,IVB - MIMAROPA,41695,Female,52,Extended Family,3,30,22,1,1
115346,IVB - MIMAROPA,61345,Male,33,Single Family,7,15,5,1,1
32604,IVB - MIMAROPA,22952,Male,66,Single Family,2,16,10,1,0
223598,IVB - MIMAROPA,67324,Male,55,Single Family,2,30,8,3,1
89965,IVB - MIMAROPA,40808,Female,57,Single Family,2,50,5,3,1
118770,IVB - MIMAROPA,98527,Male,31,Single Family,6,35,6,2,1
159000,IVB - MIMAROPA,90565,Male,56,Extended Family,6,15,6,1,1
284691,IVB - MIMAROPA,157085,Male,33,Single Family,3,30,7,1,1
88812,IVB - MIMAROPA,55335,Male,40,Single Family,6,24,4,1,0
75880,IVB - MIMAROPA,56561,Male,36,Extended Family,7,24,5,2,1
71809,IVB - MIMAROPA,60825,Male,30,Single Family,5,15,5,1,0
63730,IVB - MIMAROPA,44523,Male,33,Single Family,2,12,5,2,0
64310,IVB - MIMAROPA,39271,Male,21,Single Family,5,18,6,2,0
191383,IVB - MIMAROPA,84194,Male,44,Single Family,5,72,12,2,1
99633,IVB - MIMAROPA,21691,Male,62,Single Family,3,48,11,1,0
605327,IVB - MIMAROPA,104684,Male,37,Single Family,4,100,8,2,1
86495,IVB - MIMAROPA,77083,Male,32,Single Family,6,15,1,1,1
71916,IVB - MIMAROPA,44411,Male,54,Extended Family,4,40,20,1,1
66200,IVB - MIMAROPA,50024,Male,41,Single Family,5,35,2,1,0
85624,IVB - MIMAROPA,48303,Male,66,Single Family,4,35,15,1,0
73138,IVB - MIMAROPA,35633,Male,25,Single Family,4,30,12,1,0
76820,IVB - MIMAROPA,51661,Male,48,Extended Family,4,20,0,1,0
55565,IVB - MIMAROPA,54361,Male,31,Extended Family,5,45,1,2,0
277644,IVB - MIMAROPA,73677,Male,43,Single Family,7,36,11,1,1
82148,IVB - MIMAROPA,26186,Male,45,Single Family,1,20,31,0,0
146220,IVB - MIMAROPA,54580,Male,45,Single Family,6,30,14,0,1
81578,IVB - MIMAROPA,48565,Male,32,Single Family,5,24,5,2,0
101010,IVB - MIMAROPA,33893,Female,52,Single Family,2,30,10,2,1
105524,IVB - MIMAROPA,73972,Male,44,Single Family,4,150,14,3,1
198634,IVB - MIMAROPA,89049,Male,42,Single Family,4,120,6,2,1
231527,IVB - MIMAROPA,110537,Male,46,Single Family,7,20,16,1,1
198770,IVB - MIMAROPA,44332,Male,49,Single Family,1,180,30,2,1
98308,IVB - MIMAROPA,57026,Male,59,Single Family,3,20,40,2,1
305197,IVB - MIMAROPA,87708,Female,68,Extended Family,7,100,45,3,1
730580,IVB - MIMAROPA,160746,Male,43,Single Family,5,120,12,2,1
165491,IVB - MIMAROPA,69824,Male,22,Extended Family,5,80,16,2,0
133380,IVB - MIMAROPA,108143,Male,37,Single Family,9,50,15,2,0
262463,IVB - MIMAROPA,72904,Male,49,Extended Family,4,35,14,2,1
92808,IVB - MIMAROPA,76543,Male,80,Single Family,3,40,48,2,1
134640,IVB - MIMAROPA,93858,Male,46,Single Family,7,30,22,2,0
665550,IVB - MIMAROPA,153017,Male,42,Single Family,5,600,3,3,1
200477,IVB - MIMAROPA,94802,Male,34,Extended Family,6,80,12,0,0
116946,IVB - MIMAROPA,89118,Male,60,Single Family,8,49,2,2,0
202884,IVB - MIMAROPA,110490,Male,47,Single Family,7,30,15,2,1
116327,IVB - MIMAROPA,61175,Male,41,Single Family,4,140,2,2,1
214000,IVB - MIMAROPA,131186,Male,65,Extended Family,7,52,30,3,1
133835,IVB - MIMAROPA,84249,Male,55,Single Family,4,30,15,1,0
116447,IVB - MIMAROPA,114001,Male,38,Single Family,9,24,1,2,0
399505,IVB - MIMAROPA,141141,Male,71,Single Family,4,70,12,2,1
61740,IVB - MIMAROPA,36682,Male,26,Single Family,2,12,5,1,0
73234,IVB - MIMAROPA,39018,Female,56,Single Family,3,15,1,0,1
211516,IVB - MIMAROPA,107771,Male,72,Extended Family,3,42,11,3,1
118880,IVB - MIMAROPA,100426,Male,33,Extended Family,6,30,9,3,0
238591,IVB - MIMAROPA,138520,Male,30,Single Family,5,18,2,2,0
39470,IVB - MIMAROPA,21901,Female,74,Single Family,1,40,55,1,1
95148,IVB - MIMAROPA,56636,Male,75,Two or More Nonrelated Persons/Members,3,64,43,3,1
70854,IVB - MIMAROPA,39415,Male,61,Single Family,2,40,25,1,1
259407,IVB - MIMAROPA,64760,Female,63,Extended Family,4,48,13,2,1
110959,IVB - MIMAROPA,55510,Male,50,Extended Family,5,112,75,2,1
149829,IVB - MIMAROPA,55582,Female,52,Extended Family,4,40,6,2,1
91129,IVB - MIMAROPA,48019,Female,60,Extended Family,4,40,46,0,1
93456,IVB - MIMAROPA,37185,Male,76,Single Family,2,96,55,5,1
120673,IVB - MIMAROPA,78435,Male,26,Single Family,4,80,13,1,1
138610,IVB - MIMAROPA,63919,Male,48,Single Family,4,57,16,2,1
154682,IVB - MIMAROPA,58576,Male,57,Single Family,3,80,27,3,1
69372,IVB - MIMAROPA,54288,Male,68,Extended Family,4,80,85,0,1
353510,IVB - MIMAROPA,78046,Female,57,Extended Family,7,28,26,2,1
209797,IVB - MIMAROPA,98272,Male,42,Extended Family,10,96,55,2,1
137276,IVB - MIMAROPA,87397,Male,42,Single Family,8,20,3,1,1
152943,IVB - MIMAROPA,58768,Male,45,Single Family,4,20,3,1,1
130509,IVB - MIMAROPA,89331,Male,28,Single Family,5,24,7,1,1
129018,IVB - MIMAROPA,84876,Male,34,Single Family,6,36,14,2,1
119040,IVB - MIMAROPA,66560,Male,30,Single Family,4,20,9,1,1
100848,IVB - MIMAROPA,48059,Female,71,Single Family,2,20,3,1,1
70613,IVB - MIMAROPA,34470,Male,43,Single Family,1,20,17,0,1
126418,IVB - MIMAROPA,74335,Male,41,Single Family,4,24,1,2,1
117955,IVB - MIMAROPA,46231,Male,69,Single Family,2,30,1,1,1
92837,IVB - MIMAROPA,55579,Male,45,Single Family,5,20,5,1,1
135058,IVB - MIMAROPA,74768,Male,45,Single Family,6,20,11,2,1
177538,IVB - MIMAROPA,73321,Male,41,Single Family,4,30,20,2,1
191000,IVB - MIMAROPA,86906,Male,58,Single Family,3,24,15,3,1
107760,IVB - MIMAROPA,52821,Female,57,Single Family,2,24,4,2,1
257600,IVB - MIMAROPA,134709,Male,57,Extended Family,12,20,1,2,1
165965,IVB - MIMAROPA,61604,Male,48,Single Family,4,30,1,2,1
157269,IVB - MIMAROPA,88886,Male,53,Extended Family,6,48,28,2,1
110320,IVB - MIMAROPA,27770,Male,71,Single Family,2,90,17,2,1
172560,IVB - MIMAROPA,78467,Male,51,Extended Family,8,30,10,1,1
98269,IVB - MIMAROPA,29512,Female,69,Single Family,1,84,25,2,1
35174,IVB - MIMAROPA,26854,Female,67,Single Family,2,15,1,0,0
152573,IVB - MIMAROPA,65410,Male,80,Extended Family,4,65,45,2,1
102610,IVB - MIMAROPA,63879,Male,33,Single Family,4,48,21,2,1
104283,IVB - MIMAROPA,50677,Female,85,Extended Family,3,12,6,1,0
246986,IVB - MIMAROPA,111132,Male,57,Extended Family,6,30,17,3,1
308156,IVB - MIMAROPA,78132,Male,70,Single Family,3,56,13,3,1
210166,IVB - MIMAROPA,75633,Male,63,Extended Family,6,51,27,3,1
89151,IVB - MIMAROPA,71119,Male,30,Single Family,4,24,6,1,1
221255,IVB - MIMAROPA,80754,Male,54,Extended Family,4,31,24,2,1
207262,IVB - MIMAROPA,79486,Male,58,Single Family,5,28,24,2,1
315288,IVB - MIMAROPA,133220,Male,44,Extended Family,8,48,23,2,1
99511,IVB - MIMAROPA,65732,Male,27,Single Family,3,18,10,1,1
115364,IVB - MIMAROPA,54429,Male,61,Single Family,2,40,19,1,1
168492,IVB - MIMAROPA,92231,Male,44,Single Family,6,36,15,1,1
104927,IVB - MIMAROPA,74100,Male,51,Single Family,5,12,13,2,0
389418,IVB - MIMAROPA,93043,Male,45,Extended Family,8,42,6,2,1
205717,IVB - MIMAROPA,82725,Male,44,Single Family,7,25,1,3,1
108649,IVB - MIMAROPA,67470,Male,48,Extended Family,4,42,13,2,1
122338,IVB - MIMAROPA,55480,Male,62,Single Family,3,40,56,1,1
74734,IVB - MIMAROPA,41396,Male,50,Extended Family,5,64,14,3,1
94681,IVB - MIMAROPA,57262,Male,62,Single Family,5,90,17,2,1
392833,IVB - MIMAROPA,123177,Male,48,Extended Family,5,42,4,2,1
77156,IVB - MIMAROPA,50397,Female,80,Single Family,1,56,3,2,1
32616,IVB - MIMAROPA,20134,Male,31,Single Family,1,45,13,1,0
77452,IVB - MIMAROPA,58970,Male,75,Single Family,4,42,5,2,1
111284,IVB - MIMAROPA,38400,Male,37,Extended Family,3,80,13,2,1
126615,IVB - MIMAROPA,70614,Male,48,Single Family,5,35,10,1,1
184515,IVB - MIMAROPA,47966,Male,51,Single Family,2,16,15,1,1
36492,IVB - MIMAROPA,28280,Male,58,Extended Family,6,42,6,2,0
24935,IVB - MIMAROPA,11938,Female,65,Single Family,1,30,13,2,0
85962,IVB - MIMAROPA,58390,Male,37,Single Family,5,56,12,2,1
167524,IVB - MIMAROPA,97289,Male,60,Single Family,3,80,34,2,1
143181,IVB - MIMAROPA,69906,Male,53,Single Family,3,140,14,2,1
161438,IVB - MIMAROPA,101814,Male,35,Single Family,5,54,6,2,1
164395,IVB - MIMAROPA,90939,Male,56,Extended Family,5,112,25,3,1
110941,IVB - MIMAROPA,64769,Male,32,Single Family,5,32,14,2,1
154632,IVB - MIMAROPA,57539,Male,54,Single Family,4,30,8,2,1
128271,IVB - MIMAROPA,98350,Male,52,Single Family,6,32,5,1,1
167362,IVB - MIMAROPA,79916,Male,39,Single Family,5,20,10,1,1
284345,IVB - MIMAROPA,112442,Male,60,Single Family,6,48,21,3,1
293583,IVB - MIMAROPA,124028,Male,62,Extended Family,10,80,16,3,1
95595,IVB - MIMAROPA,60023,Female,26,Single Family,3,20,5,0,1
164887,IVB - MIMAROPA,40588,Female,65,Single Family,2,80,17,3,1
268520,IVB - MIMAROPA,86349,Male,55,Extended Family,5,40,12,2,1
233900,IVB - MIMAROPA,128657,Female,34,Single Family,3,60,18,3,1
222522,IVB - MIMAROPA,106542,Male,53,Single Family,5,20,12,2,1
440860,IVB - MIMAROPA,170630,Male,66,Extended Family,8,85,20,3,1
267880,IVB - MIMAROPA,137163,Female,41,Single Family,3,50,15,4,1
281379,IVB - MIMAROPA,148896,Male,71,Extended Family,9,60,27,2,1
209448,IVB - MIMAROPA,89454,Male,60,Single Family,5,60,33,2,1
242858,IVB - MIMAROPA,117863,Male,39,Single Family,5,35,16,2,1
184057,IVB - MIMAROPA,89822,Male,36,Single Family,4,24,20,1,1
589915,IVB - MIMAROPA,209356,Male,41,Extended Family,5,120,9,2,1
290453,IVB - MIMAROPA,141364,Male,41,Single Family,4,40,18,2,1
263738,IVB - MIMAROPA,100031,Male,43,Single Family,5,96,23,2,1
2275298,IVB - MIMAROPA,181781,Male,58,Single Family,2,40,15,2,1
998235,IVB - MIMAROPA,202412,Male,69,Single Family,5,100,17,6,1
388940,IVB - MIMAROPA,85710,Male,43,Extended Family,3,80,18,3,1
104510,IVB - MIMAROPA,36775,Male,31,Single Family,1,12,1,1,0
205045,IVB - MIMAROPA,117777,Male,33,Single Family,4,40,10,1,1
418278,IVB - MIMAROPA,128628,Male,48,Single Family,4,40,28,2,1
196400,IVB - MIMAROPA,104309,Male,33,Single Family,3,16,1,2,1
159221,IVB - MIMAROPA,73992,Male,38,Single Family,6,64,13,1,1
155675,IVB - MIMAROPA,53266,Male,24,Single Family,1,50,55,1,1
139010,IVB - MIMAROPA,83715,Male,18,Single Family,2,15,19,1,1
280492,IVB - MIMAROPA,170313,Male,41,Single Family,6,90,46,3,1
292110,IVB - MIMAROPA,98819,Male,70,Single Family,3,60,55,2,1
383958,IVB - MIMAROPA,151873,Male,60,Extended Family,6,32,46,1,1
90480,IVB - MIMAROPA,43804,Male,50,Single Family,1,15,75,1,1
271558,IVB - MIMAROPA,136751,Male,58,Single Family,4,120,25,2,1
318000,IVB - MIMAROPA,183024,Female,36,Extended Family,8,88,35,3,1
277436,IVB - MIMAROPA,141799,Male,57,Extended Family,6,150,25,3,1
104736,IVB - MIMAROPA,54861,Male,55,Single Family,3,6,15,1,1
612318,IVB - MIMAROPA,98320,Female,78,Single Family,2,100,25,3,1
344188,IVB - MIMAROPA,119826,Male,41,Single Family,5,130,35,3,1
401685,IVB - MIMAROPA,76569,Female,33,Single Family,3,40,17,1,1
264988,IVB - MIMAROPA,54937,Male,39,Single Family,1,20,35,1,1
160104,IVB - MIMAROPA,67043,Male,70,Single Family,2,6,19,1,0
407000,IVB - MIMAROPA,71457,Female,69,Single Family,2,80,25,3,1
286393,IVB - MIMAROPA,117092,Female,21,Single Family,3,20,6,2,1
624216,IVB - MIMAROPA,160094,Male,68,Extended Family,6,96,25,3,1
1735952,IVB - MIMAROPA,203755,Male,57,Single Family,5,140,32,3,1
289600,IVB - MIMAROPA,119686,Female,32,Single Family,4,28,25,1,1
535464,IVB - MIMAROPA,83590,Male,52,Single Family,4,80,16,4,1
509425,IVB - MIMAROPA,128647,Male,46,Single Family,4,70,2,1,1
452012,IVB - MIMAROPA,93055,Male,49,Single Family,3,70,15,3,1
666000,IVB - MIMAROPA,64922,Female,50,Single Family,2,70,15,3,1
227008,IVB - MIMAROPA,110280,Female,25,Extended Family,3,30,17,4,1
636540,IVB - MIMAROPA,223882,Male,61,Extended Family,10,135,20,3,1
547150,IVB - MIMAROPA,98248,Male,63,Single Family,5,60,45,3,1
223600,IVB - MIMAROPA,83043,Male,36,Single Family,3,60,45,3,1
424363,IVB - MIMAROPA,98667,Male,49,Single Family,3,40,17,2,1
473574,IVB - MIMAROPA,148987,Male,52,Extended Family,8,120,8,4,1
538730,IVB - MIMAROPA,174838,Male,36,Single Family,4,150,25,2,1
416240,IVB - MIMAROPA,62794,Female,81,Extended Family,5,72,37,5,1
211873,IVB - MIMAROPA,42377,Male,61,Single Family,3,54,17,3,1
203555,IVB - MIMAROPA,51981,Male,47,Single Family,3,42,11,1,1
1902145,IVB - MIMAROPA,289123,Female,37,Extended Family,5,40,5,3,1
206256,IVB - MIMAROPA,69120,Male,34,Single Family,1,35,10,2,1
201187,IVB - MIMAROPA,85466,Male,25,Single Family,3,50,12,1,1
221773,IVB - MIMAROPA,54523,Female,27,Extended Family,4,70,18,3,1
77110,IVB - MIMAROPA,21166,Female,52,Single Family,1,18,6,1,1
216895,IVB - MIMAROPA,47711,Male,67,Extended Family,3,15,10,1,1
298550,IVB - MIMAROPA,133458,Male,50,Single Family,9,90,16,3,1
106606,IVB - MIMAROPA,31622,Male,43,Single Family,1,50,11,2,1
1481576,IVB - MIMAROPA,254635,Male,57,Extended Family,13,450,19,7,1
312428,IVB - MIMAROPA,96789,Male,47,Extended Family,5,48,24,2,1
149274,IVB - MIMAROPA,45230,Female,53,Single Family,2,30,16,2,1
153162,IVB - MIMAROPA,70465,Male,40,Single Family,6,80,14,2,0
171000,IVB - MIMAROPA,51760,Male,39,Single Family,2,50,14,3,1
123090,IVB - MIMAROPA,69708,Male,43,Extended Family,8,42,19,1,1
193902,IVB - MIMAROPA,89843,Male,43,Extended Family,5,100,19,2,1
97113,IVB - MIMAROPA,41095,Male,60,Single Family,2,42,26,1,1
650008,IVB - MIMAROPA,189995,Male,33,Extended Family,6,90,9,3,1
108030,IVB - MIMAROPA,36139,Male,22,Single Family,1,30,19,2,1
83358,IVB - MIMAROPA,26474,Male,71,Single Family,1,77,12,2,1
157250,IVB - MIMAROPA,103205,Male,31,Single Family,7,18,2,2,1
146272,IVB - MIMAROPA,86555,Male,42,Extended Family,5,42,19,2,1
230402,IVB - MIMAROPA,113510,Male,56,Single Family,8,30,12,2,1
332983,IVB - MIMAROPA,106187,Male,51,Single Family,3,40,29,4,1
184280,IVB - MIMAROPA,70079,Female,19,Single Family,3,20,12,0,1
1740805,IVB - MIMAROPA,106156,Female,35,Extended Family,4,80,1,2,1
308984,IVB - MIMAROPA,92322,Male,55,Single Family,3,40,15,2,1
141018,IVB - MIMAROPA,65745,Male,78,Single Family,2,80,22,3,1
217948,IVB - MIMAROPA,54435,Male,74,Extended Family,4,60,30,4,1
521200,IVB - MIMAROPA,163269,Male,38,Single Family,6,150,16,1,1
217175,IVB - MIMAROPA,77802,Male,49,Single Family,5,60,12,1,1
320400,IVB - MIMAROPA,86332,Male,67,Single Family,2,50,23,3,1
90885,IVB - MIMAROPA,41679,Male,39,Single Family,3,18,36,0,1
164384,IVB - MIMAROPA,53821,Male,38,Single Family,5,42,25,0,1
158425,IVB - MIMAROPA,71414,Male,35,Single Family,4,15,40,1,1
179160,IVB - MIMAROPA,81799,Male,60,Extended Family,5,150,25,1,1
274341,IVB - MIMAROPA,87753,Female,45,Extended Family,7,40,14,1,1
889670,IVB - MIMAROPA,413844,Male,59,Extended Family,5,80,19,4,1
340450,IVB - MIMAROPA,70449,Male,53,Single Family,4,42,16,0,1
136080,IVB - MIMAROPA,38050,Male,47,Single Family,1,12,13,0,1
317565,IVB - MIMAROPA,78820,Male,52,Single Family,4,48,23,3,1
78360,IVB - MIMAROPA,36543,Male,25,Single Family,2,12,20,0,0
189732,IVB - MIMAROPA,59904,Male,43,Single Family,6,12,21,1,1
201180,IVB - MIMAROPA,43329,Female,46,Single Family,1,80,21,2,1
163815,IVB - MIMAROPA,93657,Male,45,Single Family,4,12,12,1,1
120100,IVB - MIMAROPA,32736,Male,63,Single Family,2,48,14,1,1
109672,IVB - MIMAROPA,54344,Male,64,Single Family,3,42,20,2,1
1605907,IVB - MIMAROPA,347071,Male,48,Single Family,7,80,1,3,1
357620,IVB - MIMAROPA,185917,Male,31,Single Family,3,72,12,3,1
1514714,IVB - MIMAROPA,204092,Male,41,Extended Family,5,143,13,4,1
1598380,IVB - MIMAROPA,209773,Male,55,Single Family,4,70,21,2,1
98497,IVB - MIMAROPA,61370,Male,21,Single Family,1,36,13,1,1
152888,IVB - MIMAROPA,64796,Female,56,Single Family,5,20,13,1,1
62420,IVB - MIMAROPA,26034,Male,23,Single Family,1,20,13,2,1
1148330,IVB - MIMAROPA,216190,Male,47,Single Family,4,108,17,3,1
283094,IVB - MIMAROPA,103418,Male,54,Single Family,6,64,20,3,1
131915,IVB - MIMAROPA,50175,Male,19,Single Family,1,20,13,0,1
227400,IVB - MIMAROPA,59202,Male,67,Extended Family,5,48,5,2,1
65963,IVB - MIMAROPA,39086,Male,72,Single Family,2,35,10,3,0
81297,IVB - MIMAROPA,58113,Male,67,Single Family,2,30,5,3,0
83103,IVB - MIMAROPA,54317,Male,76,Extended Family,2,40,8,2,1
110492,IVB - MIMAROPA,65469,Female,69,Single Family,3,16,8,2,1
374720,IVB - MIMAROPA,91908,Male,56,Single Family,3,64,33,2,1
127938,IVB - MIMAROPA,59535,Male,44,Single Family,5,64,1,1,0
83707,IVB - MIMAROPA,41968,Male,32,Single Family,4,50,32,2,1
146144,IVB - MIMAROPA,97953,Male,41,Single Family,10,36,1,1,0
170327,IVB - MIMAROPA,79559,Male,52,Single Family,10,64,13,2,0
48214,IVB - MIMAROPA,30837,Male,81,Single Family,2,20,4,1,0
104842,IVB - MIMAROPA,78650,Male,46,Single Family,8,36,2,2,0
180617,IVB - MIMAROPA,51296,Male,49,Single Family,4,30,8,1,0
422249,IVB - MIMAROPA,145433,Male,52,Extended Family,16,20,16,3,1
356545,IVB - MIMAROPA,88536,Male,57,Extended Family,9,20,5,3,1
106626,IVB - MIMAROPA,66656,Male,59,Extended Family,4,70,13,4,1
157255,IVB - MIMAROPA,55723,Male,60,Single Family,5,24,2,1,0
391958,IVB - MIMAROPA,121371,Female,56,Extended Family,8,30,22,2,1
169298,IVB - MIMAROPA,89646,Male,40,Single Family,7,15,5,3,0
174814,IVB - MIMAROPA,32162,Male,59,Single Family,2,70,3,2,0
102176,IVB - MIMAROPA,42070,Male,39,Single Family,3,15,8,2,1
103050,IVB - MIMAROPA,35616,Male,67,Single Family,2,25,21,0,1
130972,IVB - MIMAROPA,58120,Male,56,Single Family,2,80,20,2,1
141844,IVB - MIMAROPA,31499,Male,73,Single Family,1,30,35,1,1
142696,IVB - MIMAROPA,86482,Male,34,Single Family,7,20,12,1,0
147064,IVB - MIMAROPA,53946,Male,57,Single Family,3,25,15,2,1
128482,IVB - MIMAROPA,44776,Male,69,Extended Family,3,50,15,3,1
140288,IVB - MIMAROPA,90952,Male,62,Single Family,6,40,35,1,1
227909,IVB - MIMAROPA,76146,Male,56,Extended Family,7,20,1,2,1
77724,IVB - MIMAROPA,42262,Male,24,Single Family,3,48,6,1,1
74273,IVB - MIMAROPA,24547,Female,53,Single Family,2,48,26,3,1
115209,IVB - MIMAROPA,58980,Male,26,Single Family,5,80,15,2,1
204699,IVB - MIMAROPA,74389,Male,51,Single Family,6,180,15,2,1
269693,IVB - MIMAROPA,126710,Female,53,Extended Family,13,30,18,2,1
252769,IVB - MIMAROPA,152886,Male,28,Extended Family,4,24,13,2,1
283177,IVB - MIMAROPA,132626,Male,45,Extended Family,9,30,15,2,1
132565,IVB - MIMAROPA,58632,Female,15,Extended Family,4,64,12,2,1
195135,IVB - MIMAROPA,69887,Male,26,Single Family,4,80,14,3,1
152087,IVB - MIMAROPA,97919,Male,56,Single Family,6,36,15,2,1
171965,IVB - MIMAROPA,70748,Male,37,Single Family,5,35,15,2,1
139540,IVB - MIMAROPA,63186,Female,60,Single Family,2,64,15,3,1
308708,IVB - MIMAROPA,99391,Male,67,Single Family,6,40,23,2,1
273425,IVB - MIMAROPA,30194,Female,71,Single Family,1,120,31,3,1
190718,IVB - MIMAROPA,83733,Female,37,Single Family,4,48,19,3,1
1170542,IVB - MIMAROPA,104307,Female,46,Single Family,2,149,14,2,1
111981,IVB - MIMAROPA,58010,Female,56,Single Family,5,20,15,2,1
95202,IVB - MIMAROPA,43654,Male,26,Single Family,1,23,0,1,0
134694,IVB - MIMAROPA,40580,Male,66,Single Family,2,60,15,2,1
344174,IVB - MIMAROPA,104214,Male,57,Single Family,5,20,2,1,1
194000,IVB - MIMAROPA,68474,Male,49,Extended Family,4,49,17,2,1
278940,IVB - MIMAROPA,108697,Male,38,Single Family,4,42,14,3,1
204067,IVB - MIMAROPA,79737,Male,53,Single Family,6,80,23,1,0
101360,IVB - MIMAROPA,52388,Male,64,Extended Family,6,120,12,3,1
106680,IVB - MIMAROPA,84618,Female,50,Extended Family,6,80,7,2,1
477495,IVB - MIMAROPA,62415,Female,54,Single Family,1,48,19,2,1
99197,IVB - MIMAROPA,39788,Male,71,Single Family,3,50,14,2,1
91620,IVB - MIMAROPA,51704,Male,43,Single Family,5,35,7,2,1
106352,IVB - MIMAROPA,81804,Male,52,Single Family,7,40,12,2,1
204774,IVB - MIMAROPA,131823,Male,53,Single Family,11,20,1,1,1
140085,IVB - MIMAROPA,60700,Male,63,Extended Family,5,30,1,2,1
390747,IVB - MIMAROPA,73709,Male,38,Single Family,4,48,8,2,1
123868,IVB - MIMAROPA,70571,Male,60,Extended Family,5,48,8,2,1
76813,IVB - MIMAROPA,26288,Male,57,Single Family,2,20,15,1,0
54050,IVB - MIMAROPA,35248,Female,73,Single Family,1,16,0,1,0
125610,IVB - MIMAROPA,39208,Male,79,Single Family,2,96,6,2,1
141789,IVB - MIMAROPA,39085,Male,72,Single Family,2,45,37,2,1
294090,IVB - MIMAROPA,124271,Male,41,Single Family,5,80,11,1,1
492392,IVB - MIMAROPA,112382,Female,67,Extended Family,6,120,30,3,1
157240,IVB - MIMAROPA,89708,Female,58,Extended Family,4,70,30,1,1
2543540,IVB - MIMAROPA,291240,Male,69,Extended Family,11,40,33,2,1
167420,IVB - MIMAROPA,70817,Male,17,Single Family,1,80,17,2,1
291550,IVB - MIMAROPA,134814,Female,52,Extended Family,8,108,10,2,1
181140,IVB - MIMAROPA,52835,Female,67,Single Family,3,12,13,0,0
488165,IVB - MIMAROPA,100398,Male,62,Extended Family,6,48,25,3,1
114310,IVB - MIMAROPA,76215,Male,42,Single Family,3,30,13,1,1
184713,IVB - MIMAROPA,117015,Male,49,Extended Family,8,20,26,2,1
231095,IVB - MIMAROPA,91511,Male,36,Single Family,7,60,13,1,1
273375,IVB - MIMAROPA,79028,Male,41,Single Family,6,24,13,2,1
134125,IVB - MIMAROPA,56581,Female,74,Extended Family,5,42,29,1,1
151328,IVB - MIMAROPA,53214,Male,49,Single Family,2,25,17,1,1
167997,IVB - MIMAROPA,36183,Male,26,Single Family,2,25,22,2,1
86795,IVB - MIMAROPA,45726,Male,63,Single Family,3,150,25,1,1
158885,IVB - MIMAROPA,139692,Male,54,Extended Family,9,40,19,2,1
146208,IVB - MIMAROPA,94238,Male,41,Single Family,5,24,13,2,1
160914,IVB - MIMAROPA,133523,Male,60,Extended Family,8,25,15,4,1
121554,IVB - MIMAROPA,100674,Male,38,Extended Family,8,20,3,2,0
98341,IVB - MIMAROPA,20894,Female,83,Single Family,1,64,30,3,1
222994,IVB - MIMAROPA,67096,Male,47,Single Family,4,24,11,2,1
145214,IVB - MIMAROPA,57508,Male,28,Single Family,4,24,5,1,1
195191,IVB - MIMAROPA,71251,Male,54,Single Family,5,36,24,2,1
253812,IVB - MIMAROPA,151568,Male,44,Single Family,8,24,1,1,0
235285,IVB - MIMAROPA,114476,Male,31,Single Family,7,20,3,2,1
230152,IVB - MIMAROPA,70805,Female,48,Single Family,5,24,4,2,1
57299,IVB - MIMAROPA,21653,Female,74,Single Family,1,15,20,1,1
131556,IVB - MIMAROPA,56617,Male,51,Single Family,2,24,11,1,1
318157,IVB - MIMAROPA,78318,Male,53,Single Family,1,84,65,3,1
179071,IVB - MIMAROPA,90629,Male,24,Single Family,4,60,25,2,1
60305,IVB - MIMAROPA,33140,Female,84,Extended Family,3,32,12,1,0
79810,IVB - MIMAROPA,41622,Male,46,Single Family,5,32,12,1,1
101840,IVB - MIMAROPA,55858,Female,80,Extended Family,6,50,25,1,1
118010,IVB - MIMAROPA,59332,Male,40,Single Family,6,32,6,1,1
94715,IVB - MIMAROPA,27783,Male,69,Single Family,2,32,5,1,1
136040,IVB - MIMAROPA,47970,Male,50,Single Family,4,36,15,1,1
70985,IVB - MIMAROPA,33664,Male,29,Single Family,3,36,12,1,0
157310,IVB - MIMAROPA,61838,Male,25,Single Family,4,56,12,1,1
81855,IVB - MIMAROPA,26200,Female,85,Single Family,1,52,12,2,1
93571,IVB - MIMAROPA,34011,Male,30,Single Family,4,20,12,1,1
168065,IVB - MIMAROPA,51539,Male,63,Single Family,4,32,12,1,1
246508,IVB - MIMAROPA,80027,Male,33,Single Family,7,32,3,1,1
124034,IVB - MIMAROPA,32816,Male,54,Single Family,2,32,15,1,0
160768,IVB - MIMAROPA,70956,Male,53,Single Family,8,32,13,1,1
108705,IVB - MIMAROPA,58170,Male,23,Single Family,4,9,12,1,0
162947,IVB - MIMAROPA,60440,Male,45,Single Family,3,58,10,0,0
118200,IVB - MIMAROPA,77874,Male,45,Single Family,8,30,6,3,1
137735,IVB - MIMAROPA,56965,Male,38,Single Family,5,38,10,2,1
82791,IVB - MIMAROPA,18211,Female,60,Single Family,1,12,6,0,0
135613,IVB - MIMAROPA,78891,Male,48,Single Family,7,8,14,1,0
204134,IVB - MIMAROPA,68161,Male,63,Single Family,2,30,14,3,1
90374,IVB - MIMAROPA,69975,Male,43,Single Family,5,24,13,1,0
233556,IVB - MIMAROPA,99518,Male,42,Extended Family,10,28,7,2,0
68374,IVB - MIMAROPA,48183,Male,31,Single Family,5,18,1,2,0
73828,IVB - MIMAROPA,38536,Male,29,Single Family,3,12,2,1,0
91888,IVB - MIMAROPA,61999,Male,72,Single Family,3,20,6,2,0
113493,IVB - MIMAROPA,78351,Male,40,Single Family,7,20,5,1,0
265035,IVB - MIMAROPA,58530,Male,61,Single Family,2,30,15,2,1
166653,IVB - MIMAROPA,72913,Male,34,Single Family,3,20,1,1,1
85276,IVB - MIMAROPA,56324,Male,45,Extended Family,5,20,12,2,0
85742,IVB - MIMAROPA,61580,Male,44,Extended Family,6,20,5,2,1
791466,IVB - MIMAROPA,168468,Female,59,Extended Family,6,225,19,2,1
147520,IVB - MIMAROPA,78828,Male,48,Single Family,5,28,5,2,1
345605,IVB - MIMAROPA,79764,Male,40,Extended Family,4,80,20,3,1
57956,IVB - MIMAROPA,24332,Female,73,Single Family,1,30,15,2,1
733932,IVB - MIMAROPA,203322,Male,58,Extended Family,8,90,10,3,1
284491,IVB - MIMAROPA,127367,Male,63,Extended Family,3,110,16,3,1
1217059,IVB - MIMAROPA,87689,Female,61,Single Family,2,80,1,1,1
607832,IVB - MIMAROPA,113631,Female,52,Extended Family,3,300,30,6,1
346411,IVB - MIMAROPA,78756,Female,46,Single Family,2,200,58,6,1
109446,IVB - MIMAROPA,63597,Female,32,Single Family,4,35,7,1,1
125948,IVB - MIMAROPA,59708,Male,72,Single Family,3,60,7,2,1
645575,IVB - MIMAROPA,100251,Male,35,Extended Family,3,100,2,3,1
163885,IVB - MIMAROPA,93343,Male,79,Extended Family,3,50,48,3,1
256918,IVB - MIMAROPA,76688,Female,46,Single Family,4,38,14,2,1
132572,IVB - MIMAROPA,78261,Male,48,Single Family,6,85,7,2,1
574169,IVB - MIMAROPA,97196,Male,58,Extended Family,5,240,9,3,1
262674,IVB - MIMAROPA,111269,Female,52,Extended Family,6,100,29,3,1
33561,IVB - MIMAROPA,23589,Female,72,Single Family,1,60,35,2,1
101569,IVB - MIMAROPA,69967,Male,41,Single Family,6,70,4,1,1
575755,IVB - MIMAROPA,86891,Male,41,Single Family,4,84,15,3,1
123041,IVB - MIMAROPA,54325,Male,28,Single Family,3,65,28,2,1
65708,IVB - MIMAROPA,20996,Female,58,Extended Family,3,44,15,2,1
64237,IVB - MIMAROPA,25454,Male,53,Single Family,1,36,12,2,1
67633,IVB - MIMAROPA,26775,Male,67,Single Family,2,10,12,3,1
115871,IVB - MIMAROPA,56111,Male,35,Single Family,5,18,11,1,1
133435,IVB - MIMAROPA,68779,Male,62,Extended Family,10,14,8,1,1
63463,IVB - MIMAROPA,27997,Male,41,Single Family,2,10,10,1,1
1604030,IVB - MIMAROPA,130017,Male,50,Single Family,4,80,22,3,1
570273,IVB - MIMAROPA,111724,Male,51,Single Family,5,25,6,3,1
66858,IVB - MIMAROPA,28554,Male,70,Single Family,2,10,6,1,1
110025,IVB - MIMAROPA,56188,Male,53,Single Family,3,20,5,1,1
401173,IVB - MIMAROPA,96805,Male,42,Single Family,3,70,13,2,1
114242,IVB - MIMAROPA,45354,Male,70,Single Family,4,50,43,1,1
48042,IVB - MIMAROPA,30307,Female,66,Extended Family,4,25,21,1,0
132258,IVB - MIMAROPA,75389,Male,52,Single Family,7,30,4,2,1
293724,IVB - MIMAROPA,123646,Male,57,Extended Family,8,50,5,2,1
125048,IVB - MIMAROPA,67886,Male,68,Extended Family,4,50,48,2,1
129285,IVB - MIMAROPA,68442,Male,45,Single Family,3,50,8,2,1
44783,IVB - MIMAROPA,24912,Male,82,Single Family,2,40,20,1,0
141058,IVB - MIMAROPA,71763,Male,49,Single Family,5,20,2,2,1
58151,IVB - MIMAROPA,36825,Male,61,Single Family,2,15,23,1,1
58267,IVB - MIMAROPA,37040,Male,48,Extended Family,6,50,5,1,0
85965,IVB - MIMAROPA,57843,Male,50,Single Family,6,50,5,1,0
175995,IVB - MIMAROPA,74046,Female,38,Extended Family,5,80,3,2,1
77968,IVB - MIMAROPA,47336,Male,36,Single Family,5,30,7,2,1
220459,IVB - MIMAROPA,85241,Male,55,Extended Family,7,80,3,3,1
584070,IVB - MIMAROPA,136720,Male,65,Extended Family,4,280,33,2,1
219818,IVB - MIMAROPA,105707,Male,52,Single Family,10,80,17,2,1
1103208,IVB - MIMAROPA,139855,Male,46,Single Family,5,60,25,2,1
2036681,IVB - MIMAROPA,317660,Male,61,Two or More Nonrelated Persons/Members,7,120,27,4,1
71694,IVB - MIMAROPA,44075,Male,26,Single Family,3,64,21,0,1
165342,IVB - MIMAROPA,87744,Male,46,Single Family,4,56,5,2,1
514055,IVB - MIMAROPA,93276,Male,65,Extended Family,2,48,35,4,1
743115,IVB - MIMAROPA,131843,Male,56,Single Family,2,100,30,4,1
424833,IVB - MIMAROPA,122537,Male,49,Single Family,5,64,25,2,1
250318,IVB - MIMAROPA,54343,Male,30,Single Family,2,100,15,1,1
180772,IVB - MIMAROPA,49598,Female,43,Extended Family,4,120,31,2,1
122415,IVB - MIMAROPA,67803,Male,43,Single Family,6,64,14,2,1
261294,IVB - MIMAROPA,106387,Male,71,Extended Family,6,36,39,2,1
169233,IVB - MIMAROPA,77158,Male,49,Single Family,4,100,25,2,1
118146,IVB - MIMAROPA,88355,Male,51,Extended Family,6,64,19,2,1
137982,IVB - MIMAROPA,71695,Male,40,Single Family,5,30,25,2,1
121780,IVB - MIMAROPA,68367,Female,57,Extended Family,6,20,11,1,1
104589,IVB - MIMAROPA,60940,Male,56,Extended Family,6,30,0,1,0
123119,IVB - MIMAROPA,63762,Female,41,Extended Family,4,24,19,0,1
475672,IVB - MIMAROPA,99426,Female,76,Extended Family,4,150,1,2,1
411052,IVB - MIMAROPA,111689,Male,44,Single Family,4,100,9,3,1
145303,IVB - MIMAROPA,75210,Male,53,Single Family,5,20,21,0,1
424977,IVB - MIMAROPA,68374,Female,50,Single Family,2,300,22,6,1
105063,IVB - MIMAROPA,51837,Male,51,Extended Family,5,30,37,2,1
114463,IVB - MIMAROPA,60824,Female,38,Extended Family,4,100,17,2,1
68563,IVB - MIMAROPA,44654,Male,68,Extended Family,3,20,7,1,0
207879,IVB - MIMAROPA,69656,Male,57,Single Family,3,90,17,2,1
137579,IVB - MIMAROPA,52278,Female,47,Extended Family,3,80,26,1,1
37994,IVB - MIMAROPA,19213,Male,49,Single Family,1,20,13,0,0
146775,IVB - MIMAROPA,68641,Male,50,Single Family,8,100,28,2,1
113811,IVB - MIMAROPA,55792,Male,56,Extended Family,6,100,19,3,1
611298,IVB - MIMAROPA,75261,Male,62,Single Family,5,80,1,2,1
87112,IVB - MIMAROPA,52213,Male,38,Single Family,6,30,0,1,1
97218,IVB - MIMAROPA,44724,Female,60,Extended Family,4,80,39,1,1
112123,IVB - MIMAROPA,81853,Female,66,Extended Family,7,75,10,2,1
135462,IVB - MIMAROPA,63169,Male,32,Single Family,4,65,2,2,1
118564,IVB - MIMAROPA,38933,Male,70,Single Family,4,35,0,2,1
79801,IVB - MIMAROPA,54563,Female,53,Extended Family,7,78,17,1,1
177376,IVB - MIMAROPA,76801,Male,46,Single Family,6,60,10,2,1
79298,IVB - MIMAROPA,41328,Male,62,Single Family,2,50,1,1,1
61587,IVB - MIMAROPA,35305,Male,32,Single Family,4,75,3,2,0
520365,IVB - MIMAROPA,57269,Male,49,Single Family,3,75,7,2,1
102461,IVB - MIMAROPA,62301,Male,36,Single Family,6,58,6,1,1
114408,IVB - MIMAROPA,60218,Male,46,Single Family,5,120,9,3,1
67050,IVB - MIMAROPA,24241,Female,56,Single Family,1,80,13,2,1
52920,IVB - MIMAROPA,38118,Female,49,Single Family,8,40,0,1,1
74259,IVB - MIMAROPA,39291,Female,62,Single Family,3,50,5,2,1
84670,IVB - MIMAROPA,45231,Male,33,Single Family,4,60,4,1,1
100179,IVB - MIMAROPA,48729,Male,55,Extended Family,5,70,7,2,1
73959,IVB - MIMAROPA,37917,Male,38,Single Family,3,30,7,0,0
59080,IVB - MIMAROPA,31748,Male,43,Single Family,4,60,10,1,1
110987,IVB - MIMAROPA,43025,Male,46,Single Family,3,60,5,2,1
266738,IVB - MIMAROPA,69480,Male,73,Single Family,2,120,5,2,1
107793,IVB - MIMAROPA,46051,Female,49,Single Family,5,50,23,1,1
154284,IVB - MIMAROPA,69221,Male,48,Single Family,5,45,8,0,1
46828,IVB - MIMAROPA,17284,Female,57,Single Family,1,70,15,1,1
258680,IVB - MIMAROPA,104068,Female,54,Extended Family,5,150,27,5,1
59540,IVB - MIMAROPA,21950,Male,18,Single Family,1,40,20,3,1
108858,IVB - MIMAROPA,55827,Male,45,Extended Family,7,56,2,0,0
93095,IVB - MIMAROPA,47924,Male,38,Single Family,5,48,5,0,1
69139,IVB - MIMAROPA,25433,Male,80,Single Family,2,42,20,2,1
142925,IVB - MIMAROPA,49982,Male,65,Single Family,3,120,14,1,1
137915,IVB - MIMAROPA,60655,Male,50,Single Family,7,50,13,2,1
101573,IVB - MIMAROPA,55141,Male,56,Single Family,8,24,5,2,1
186417,IVB - MIMAROPA,74694,Male,57,Single Family,7,40,19,2,1
47925,IVB - MIMAROPA,16849,Male,80,Single Family,2,15,10,0,0
78745,IVB - MIMAROPA,40226,Female,61,Extended Family,6,48,22,2,1
70928,IVB - MIMAROPA,33222,Male,74,Extended Family,3,48,3,0,1
176753,IVB - MIMAROPA,69133,Male,53,Single Family,6,50,25,1,1
91480,IVB - MIMAROPA,37729,Male,86,Extended Family,3,36,20,2,1
122330,IVB - MIMAROPA,61474,Male,53,Single Family,8,36,20,3,1
38284,IVB - MIMAROPA,13154,Female,74,Single Family,1,24,7,1,1
234928,IVB - MIMAROPA,75250,Female,66,Extended Family,3,100,32,3,1
155748,IVB - MIMAROPA,72701,Male,65,Single Family,6,25,13,1,1
58183,IVB - MIMAROPA,28197,Male,75,Single Family,3,180,24,3,1
134258,IVB - MIMAROPA,47397,Female,69,Single Family,3,20,11,1,0
57448,IVB - MIMAROPA,35500,Female,70,Extended Family,5,48,10,2,1
73158,IVB - MIMAROPA,49893,Male,39,Single Family,4,48,10,2,1
126767,IVB - MIMAROPA,62711,Male,39,Extended Family,8,180,6,1,1
209567,IVB - MIMAROPA,54009,Male,42,Single Family,3,64,3,1,1
194035,IVB - MIMAROPA,122228,Male,49,Single Family,9,40,11,2,1
155560,IVB - MIMAROPA,36404,Female,84,Extended Family,2,100,55,3,1
344775,IVB - MIMAROPA,66025,Male,71,Single Family,3,100,1,2,1
78155,IVB - MIMAROPA,51807,Male,67,Extended Family,5,38,20,2,1
526658,IVB - MIMAROPA,89900,Male,55,Single Family,1,400,15,5,1
139615,IVB - MIMAROPA,70814,Male,52,Single Family,5,40,19,2,1
63181,IVB - MIMAROPA,28113,Male,60,Single Family,1,10,5,0,0
81301,IVB - MIMAROPA,65208,Male,56,Extended Family,4,30,27,1,1
111990,IVB - MIMAROPA,43801,Male,61,Single Family,1,25,6,1,1
93972,IVB - MIMAROPA,48304,Male,73,Single Family,6,60,20,2,1
416028,IVB - MIMAROPA,96317,Male,39,Single Family,6,80,10,2,1
106121,IVB - MIMAROPA,67149,Male,45,Extended Family,5,40,2,0,1
150365,IVB - MIMAROPA,78059,Male,54,Extended Family,6,52,15,3,1
101562,IVB - MIMAROPA,52330,Male,40,Single Family,4,20,11,1,1
73140,IVB - MIMAROPA,43322,Male,42,Single Family,4,20,4,1,1
145557,IVB - MIMAROPA,84764,Male,42,Single Family,7,50,26,2,1
111666,IVB - MIMAROPA,67887,Male,47,Single Family,6,50,25,2,1
117893,IVB - MIMAROPA,53167,Male,49,Single Family,4,40,12,1,1
30425,IVB - MIMAROPA,20466,Male,75,Single Family,1,30,20,0,0
545844,IVB - MIMAROPA,130029,Male,43,Single Family,8,90,15,4,1
69499,IVB - MIMAROPA,42570,Female,77,Extended Family,4,20,15,1,1
44919,IVB - MIMAROPA,28041,Male,31,Single Family,4,20,1,0,0
58040,IVB - MIMAROPA,36483,Female,67,Extended Family,3,50,3,0,1
68817,IVB - MIMAROPA,39829,Male,60,Extended Family,4,30,31,2,1
173791,IVB - MIMAROPA,47007,Female,48,Single Family,3,60,20,1,1
99390,IVB - MIMAROPA,58897,Male,44,Single Family,4,48,18,2,1
101807,IVB - MIMAROPA,55305,Male,43,Single Family,4,30,9,2,1
211050,IVB - MIMAROPA,72609,Male,53,Extended Family,5,80,1,2,1
108359,IVB - MIMAROPA,55409,Male,36,Single Family,5,96,1,1,1
123704,IVB - MIMAROPA,66518,Male,35,Single Family,6,90,5,1,1
87512,IVB - MIMAROPA,48461,Male,64,Single Family,4,56,7,2,1
55199,IVB - MIMAROPA,30763,Female,69,Extended Family,2,80,27,1,1
